,state,year,Severity,totalsevere,Area,sev_area
1,Alabama,2016,Heavy,1108,50708,0.021850596
2,Alabama,2016,Light,12979,50708,0.255955668
3,Alabama,2016,Moderate,3933,50708,0.077561726
4,Alabama,2016,Other,4,50708,7.89E-05
5,Alabama,2016,Severe,3967,50708,0.078232232
6,Alabama,2016,UNK,301,50708,0.005935947
7,Alabama,2017,Heavy,1626,50708,0.032065946
8,Alabama,2017,Light,16991,50708,0.335075333
9,Alabama,2017,Moderate,5445,50708,0.107379506
10,Alabama,2017,Other,1,50708,1.97E-05
11,Alabama,2017,Severe,5525,50708,0.108957167
12,Alabama,2017,UNK,376,50708,0.007415004
13,Alabama,2018,Heavy,1428,50708,0.028161237
14,Alabama,2018,Light,18582,50708,0.366451053
15,Alabama,2018,Moderate,6003,50708,0.118383687
16,Alabama,2018,Other,36,50708,0.000709947
17,Alabama,2018,Severe,4558,50708,0.089887197
18,Alabama,2018,UNK,323,50708,0.006369804
19,Alabama,2019,Heavy,1088,50708,0.02145618
20,Alabama,2019,Light,15417,50708,0.304034866
21,Alabama,2019,Moderate,4467,50708,0.088092609
22,Alabama,2019,Other,5,50708,9.86E-05
23,Alabama,2019,Severe,5089,50708,0.100358918
24,Alabama,2019,UNK,946,50708,0.018655833
25,Alabama,2020,Heavy,1085,50708,0.021397018
26,Alabama,2020,Light,16178,50708,0.31904236
27,Alabama,2020,Moderate,4435,50708,0.087461545
28,Alabama,2020,Severe,6658,50708,0.131300781
29,Alabama,2020,UNK,1287,50708,0.025380611
30,Alabama,2021,Heavy,1213,50708,0.023921275
31,Alabama,2021,Light,16088,50708,0.317267492
32,Alabama,2021,Moderate,4871,50708,0.096059793
33,Alabama,2021,Severe,8409,50708,0.165831821
34,Alabama,2021,UNK,1716,50708,0.033840814
35,Arizona,2016,Heavy,210,113417,0.001851574
36,Arizona,2016,Light,7373,113417,0.065007891
37,Arizona,2016,Moderate,1538,113417,0.013560577
38,Arizona,2016,Other,4,113417,3.53E-05
39,Arizona,2016,Severe,987,113417,0.008702399
40,Arizona,2016,UNK,82,113417,0.000722996
41,Arizona,2017,Heavy,164,113417,0.001445991
42,Arizona,2017,Light,5771,113417,0.050883025
43,Arizona,2017,Moderate,1245,113417,0.01097719
44,Arizona,2017,Severe,854,113417,0.007529735
45,Arizona,2017,UNK,28,113417,0.000246877
46,Arizona,2018,Heavy,200,113417,0.001763404
47,Arizona,2018,Light,6291,113417,0.055467875
48,Arizona,2018,Moderate,1448,113417,0.012767046
49,Arizona,2018,Other,3,113417,2.65E-05
50,Arizona,2018,Severe,1031,113417,0.009090348
51,Arizona,2018,UNK,54,113417,0.000476119
52,Arizona,2019,Heavy,209,113417,0.001842757
53,Arizona,2019,Light,7254,113417,0.063958666
54,Arizona,2019,Moderate,1868,113417,0.016470194
55,Arizona,2019,Other,4,113417,3.53E-05
56,Arizona,2019,Severe,1284,113417,0.011321054
57,Arizona,2019,UNK,99,113417,0.000872885
58,Arizona,2020,Heavy,67,113417,0.00059074
59,Arizona,2020,Light,3414,113417,0.030101308
60,Arizona,2020,Moderate,2060,113417,0.018163062
61,Arizona,2020,Severe,1744,113417,0.015376884
62,Arizona,2020,UNK,39,113417,0.000343864
63,Arizona,2021,Heavy,228,113417,0.002010281
64,Arizona,2021,Light,5768,113417,0.050856574
65,Arizona,2021,Moderate,2520,113417,0.022218891
66,Arizona,2021,Other,6,113417,5.29E-05
67,Arizona,2021,Severe,2005,113417,0.017678126
68,Arizona,2021,UNK,219,113417,0.001930927
69,Arkansas,2016,Heavy,1055,51945,0.020309943
70,Arkansas,2016,Light,10228,51945,0.196900568
71,Arkansas,2016,Moderate,3796,51945,0.073077293
72,Arkansas,2016,Other,5,51945,9.63E-05
73,Arkansas,2016,Severe,3810,51945,0.073346809
74,Arkansas,2016,UNK,703,51945,0.013533545
75,Arkansas,2017,Heavy,1014,51945,0.019520647
76,Arkansas,2017,Light,10348,51945,0.199210704
77,Arkansas,2017,Moderate,4039,51945,0.077755318
78,Arkansas,2017,Severe,3381,51945,0.065088074
79,Arkansas,2017,UNK,318,51945,0.00612186
80,Arkansas,2018,Heavy,1159,51945,0.022312061
81,Arkansas,2018,Light,13679,51945,0.263336221
82,Arkansas,2018,Moderate,5596,51945,0.107729329
83,Arkansas,2018,Other,2,51945,3.85E-05
84,Arkansas,2018,Severe,3661,51945,0.070478391
85,Arkansas,2018,UNK,224,51945,0.004312253
86,Arkansas,2019,Heavy,997,51945,0.019193378
87,Arkansas,2019,Light,13134,51945,0.252844355
88,Arkansas,2019,Moderate,4514,51945,0.086899605
89,Arkansas,2019,Other,3,51945,5.78E-05
90,Arkansas,2019,Severe,5677,51945,0.109288671
91,Arkansas,2019,UNK,1102,51945,0.021214746
92,Arkansas,2020,Heavy,872,51945,0.016786986
93,Arkansas,2020,Light,13498,51945,0.259851766
94,Arkansas,2020,Moderate,4430,51945,0.08528251
95,Arkansas,2020,Severe,5898,51945,0.113543171
96,Arkansas,2020,UNK,1111,51945,0.021388007
97,Arkansas,2021,Heavy,712,51945,0.013706805
98,Arkansas,2021,Light,11105,51945,0.21378381
99,Arkansas,2021,Moderate,3832,51945,0.073770334
100,Arkansas,2021,Other,1,51945,1.93E-05
101,Arkansas,2021,Severe,5966,51945,0.114852248
102,Arkansas,2021,UNK,1261,51945,0.024275676
103,California,2016,Heavy,645,156361,0.00412507
104,California,2016,Light,20979,156361,0.134170285
105,California,2016,Moderate,14692,156361,0.093962049
106,California,2016,Other,9,156361,5.76E-05
107,California,2016,Severe,12238,156361,0.078267599
108,California,2016,UNK,416,156361,0.00266051
109,California,2017,Heavy,653,156361,0.004176233
110,California,2017,Light,21743,156361,0.139056414
111,California,2017,Moderate,14622,156361,0.093514367
112,California,2017,Other,7,156361,4.48E-05
113,California,2017,Severe,10544,156361,0.067433695
114,California,2017,UNK,446,156361,0.002852374
115,California,2018,Heavy,367,156361,0.002347133
116,California,2018,Light,17343,156361,0.110916405
117,California,2018,Moderate,15435,156361,0.098713874
118,California,2018,Other,4,156361,2.56E-05
119,California,2018,Severe,11328,156361,0.072447733
120,California,2018,UNK,217,156361,0.001387814
121,California,2019,Heavy,866,156361,0.005538465
122,California,2019,Light,27621,156361,0.176648909
123,California,2019,Moderate,15666,156361,0.100191224
124,California,2019,Other,6,156361,3.84E-05
125,California,2019,Severe,15512,156361,0.099206324
126,California,2019,UNK,484,156361,0.003095401
127,California,2020,Heavy,308,156361,0.001969801
128,California,2020,Light,13989,156361,0.089466043
129,California,2020,Moderate,18256,156361,0.116755457
130,California,2020,Severe,19043,156361,0.121788681
131,California,2020,UNK,142,156361,0.000908155
132,California,2021,Heavy,617,156361,0.003945997
133,California,2021,Light,16949,156361,0.108396595
134,California,2021,Moderate,17572,156361,0.112380965
135,California,2021,Other,5,156361,3.20E-05
136,California,2021,Severe,20494,156361,0.131068489
137,California,2021,UNK,207,156361,0.00132386
138,Colorado,2016,Heavy,350,103766,0.003372974
139,Colorado,2016,Light,21973,103766,0.211755296
140,Colorado,2016,Moderate,3614,103766,0.034828364
141,Colorado,2016,Other,27,103766,0.000260201
142,Colorado,2016,Severe,5738,103766,0.055297496
143,Colorado,2016,UNK,55,103766,0.000530039
144,Colorado,2017,Heavy,374,103766,0.003604263
145,Colorado,2017,Light,23160,103766,0.223194495
146,Colorado,2017,Moderate,4166,103766,0.040148025
147,Colorado,2017,Other,23,103766,0.000221653
148,Colorado,2017,Severe,6200,103766,0.059749822
149,Colorado,2017,UNK,52,103766,0.000501128
150,Colorado,2018,Heavy,265,103766,0.002553823
151,Colorado,2018,Light,20728,103766,0.199757146
152,Colorado,2018,Moderate,3384,103766,0.032611838
153,Colorado,2018,Other,33,103766,0.000318023
154,Colorado,2018,Severe,5539,103766,0.05337972
155,Colorado,2018,UNK,48,103766,0.000462579
156,Colorado,2019,Heavy,418,103766,0.004028294
157,Colorado,2019,Light,20391,103766,0.196509454
158,Colorado,2019,Moderate,3574,103766,0.034442881
159,Colorado,2019,Other,8,103766,7.71E-05
160,Colorado,2019,Severe,5807,103766,0.055962454
161,Colorado,2019,UNK,214,103766,0.002062333
162,Colorado,2020,Heavy,263,103766,0.002534549
163,Colorado,2020,Light,13831,103766,0.133290288
164,Colorado,2020,Moderate,2740,103766,0.026405566
165,Colorado,2020,Severe,3681,103766,0.035474047
166,Colorado,2020,UNK,151,103766,0.001455197
167,Colorado,2021,Heavy,376,103766,0.003623538
168,Colorado,2021,Light,15672,103766,0.15103213
169,Colorado,2021,Moderate,2854,103766,0.027504192
170,Colorado,2021,Other,12,103766,0.000115645
171,Colorado,2021,Severe,3871,103766,0.03730509
172,Colorado,2021,UNK,244,103766,0.002351445
173,Connecticut,2016,Heavy,170,4862,0.034965035
174,Connecticut,2016,Light,3377,4862,0.694570136
175,Connecticut,2016,Moderate,951,4862,0.195598519
176,Connecticut,2016,Other,6,4862,0.00123406
177,Connecticut,2016,Severe,733,4862,0.150761004
178,Connecticut,2016,UNK,37,4862,0.007610037
179,Connecticut,2017,Heavy,190,4862,0.039078568
180,Connecticut,2017,Light,3791,4862,0.77972028
181,Connecticut,2017,Moderate,948,4862,0.194981489
182,Connecticut,2017,Other,16,4862,0.003290827
183,Connecticut,2017,Severe,896,4862,0.184286302
184,Connecticut,2017,UNK,33,4862,0.00678733
185,Connecticut,2018,Heavy,309,4862,0.063554093
186,Connecticut,2018,Light,4744,4862,0.975730152
187,Connecticut,2018,Moderate,1468,4862,0.301933361
188,Connecticut,2018,Other,11,4862,0.002262443
189,Connecticut,2018,Severe,1130,4862,0.232414644
190,Connecticut,2018,UNK,55,4862,0.011312217
191,Connecticut,2019,Heavy,252,4862,0.051830522
192,Connecticut,2019,Light,4332,4862,0.890991362
193,Connecticut,2019,Moderate,1353,4862,0.278280543
194,Connecticut,2019,Other,14,4862,0.002879473
195,Connecticut,2019,Severe,1637,4862,0.336692719
196,Connecticut,2019,UNK,145,4862,0.029823118
197,Connecticut,2020,Heavy,192,4862,0.039489922
198,Connecticut,2020,Light,3766,4862,0.774578363
199,Connecticut,2020,Moderate,1076,4862,0.221308104
200,Connecticut,2020,Severe,2332,4862,0.479638009
201,Connecticut,2020,UNK,80,4862,0.016454134
202,Connecticut,2021,Heavy,212,4862,0.043603455
203,Connecticut,2021,Light,3940,4862,0.810366104
204,Connecticut,2021,Moderate,1244,4862,0.255861785
205,Connecticut,2021,Other,1,4862,0.000205677
206,Connecticut,2021,Severe,2283,4862,0.469559852
207,Connecticut,2021,UNK,126,4862,0.025915261
208,Delaware,2016,Heavy,89,1982,0.044904137
209,Delaware,2016,Light,1597,1982,0.805751766
210,Delaware,2016,Moderate,354,1982,0.178607467
211,Delaware,2016,Other,1,1982,0.000504541
212,Delaware,2016,Severe,191,1982,0.096367306
213,Delaware,2016,UNK,13,1982,0.006559031
214,Delaware,2017,Heavy,102,1982,0.051463169
215,Delaware,2017,Light,1515,1982,0.764379415
216,Delaware,2017,Moderate,405,1982,0.204339051
217,Delaware,2017,Severe,197,1982,0.099394551
218,Delaware,2017,UNK,14,1982,0.007063572
219,Delaware,2018,Heavy,126,1982,0.063572149
220,Delaware,2018,Light,1829,1982,0.922805247
221,Delaware,2018,Moderate,479,1982,0.241675076
222,Delaware,2018,Other,9,1982,0.004540868
223,Delaware,2018,Severe,241,1982,0.121594349
224,Delaware,2018,UNK,16,1982,0.008072654
225,Delaware,2019,Heavy,68,1982,0.034308779
226,Delaware,2019,Light,1555,1982,0.784561049
227,Delaware,2019,Moderate,325,1982,0.163975782
228,Delaware,2019,Other,3,1982,0.001513623
229,Delaware,2019,Severe,333,1982,0.168012109
230,Delaware,2019,UNK,66,1982,0.033299697
231,Delaware,2020,Heavy,90,1982,0.045408678
232,Delaware,2020,Light,1787,1982,0.901614531
233,Delaware,2020,Moderate,301,1982,0.151866801
234,Delaware,2020,Severe,449,1982,0.22653885
235,Delaware,2020,UNK,60,1982,0.030272452
236,Delaware,2021,Heavy,51,1982,0.025731584
237,Delaware,2021,Light,1490,1982,0.751765893
238,Delaware,2021,Moderate,304,1982,0.153380424
239,Delaware,2021,Severe,284,1982,0.143289606
240,Delaware,2021,UNK,41,1982,0.020686176
241,Florida,2016,Heavy,2815,54090,0.052042891
242,Florida,2016,Light,31685,54090,0.585782954
243,Florida,2016,Moderate,8198,54090,0.151562211
244,Florida,2016,Other,1,54090,1.85E-05
245,Florida,2016,Severe,7902,54090,0.14608985
246,Florida,2016,UNK,998,54090,0.01845073
247,Florida,2017,Heavy,3334,54090,0.061638011
248,Florida,2017,Light,33901,54090,0.62675171
249,Florida,2017,Moderate,8996,54090,0.1663154
250,Florida,2017,Other,2,54090,3.70E-05
251,Florida,2017,Severe,8960,54090,0.165649843
252,Florida,2017,UNK,882,54090,0.016306156
253,Florida,2018,Heavy,3160,54090,0.05842115
254,Florida,2018,Light,38657,54090,0.714679238
255,Florida,2018,Moderate,9688,54090,0.179108893
256,Florida,2018,Other,6,54090,0.000110926
257,Florida,2018,Severe,7698,54090,0.142318358
258,Florida,2018,UNK,882,54090,0.016306156
259,Florida,2019,Heavy,2119,54090,0.039175448
260,Florida,2019,Light,29490,54090,0.54520244
261,Florida,2019,Moderate,7130,54090,0.131817341
262,Florida,2019,Severe,9936,54090,0.183693844
263,Florida,2019,UNK,2941,54090,0.054372342
264,Florida,2020,Heavy,2485,54090,0.045941949
265,Florida,2020,Light,31939,54090,0.590478832
266,Florida,2020,Moderate,7228,54090,0.133629137
267,Florida,2020,Severe,8926,54090,0.165021261
268,Florida,2020,UNK,3023,54090,0.055888334
269,Florida,2021,Heavy,2163,54090,0.039988907
270,Florida,2021,Light,29181,54090,0.539489739
271,Florida,2021,Moderate,6447,54090,0.119190238
272,Florida,2021,Severe,11658,54090,0.215529673
273,Florida,2021,UNK,3272,54090,0.060491773
274,Georgia,2016,Heavy,729,58073,0.012553166
275,Georgia,2016,Light,21472,58073,0.369741532
276,Georgia,2016,Moderate,3612,58073,0.062197579
277,Georgia,2016,Other,3,58073,5.17E-05
278,Georgia,2016,Severe,5811,58073,0.100063713
279,Georgia,2016,UNK,146,58073,0.002514077
280,Georgia,2017,Heavy,977,58073,0.016823653
281,Georgia,2017,Light,26432,58073,0.455151275
282,Georgia,2017,Moderate,4601,58073,0.079227868
283,Georgia,2017,Other,8,58073,0.000137758
284,Georgia,2017,Severe,8002,58073,0.137792089
285,Georgia,2017,UNK,204,58073,0.00351282
286,Georgia,2018,Heavy,1222,58073,0.021042481
287,Georgia,2018,Light,32479,58073,0.559278839
288,Georgia,2018,Moderate,5535,58073,0.095311074
289,Georgia,2018,Other,4,58073,6.89E-05
290,Georgia,2018,Severe,7031,58073,0.121071755
291,Georgia,2018,UNK,276,58073,0.004752639
292,Georgia,2019,Heavy,763,58073,0.013138636
293,Georgia,2019,Light,23390,58073,0.402768929
294,Georgia,2019,Moderate,4244,58073,0.073080433
295,Georgia,2019,Other,1,58073,1.72E-05
296,Georgia,2019,Severe,8720,58073,0.150155838
297,Georgia,2019,UNK,718,58073,0.012363749
298,Georgia,2020,Heavy,1065,58073,0.018338987
299,Georgia,2020,Light,29073,58073,0.500628519
300,Georgia,2020,Moderate,4671,58073,0.080433248
301,Georgia,2020,Severe,11408,58073,0.196442409
302,Georgia,2020,UNK,1035,58073,0.017822396
303,Georgia,2021,Heavy,929,58073,0.015997107
304,Georgia,2021,Light,27801,58073,0.478725053
305,Georgia,2021,Moderate,4134,58073,0.071186266
306,Georgia,2021,Other,1,58073,1.72E-05
307,Georgia,2021,Severe,12920,58073,0.222478605
308,Georgia,2021,UNK,1036,58073,0.017839616
309,Idaho,2016,Heavy,142,82677,0.001717527
310,Idaho,2016,Light,8720,82677,0.105470687
311,Idaho,2016,Moderate,1859,82677,0.022485093
312,Idaho,2016,Other,2,82677,2.42E-05
313,Idaho,2016,Severe,3118,82677,0.037713028
314,Idaho,2016,UNK,50,82677,0.000604763
315,Idaho,2017,Heavy,198,82677,0.002394862
316,Idaho,2017,Light,9832,82677,0.118920619
317,Idaho,2017,Moderate,2696,82677,0.032608827
318,Idaho,2017,Other,5,82677,6.05E-05
319,Idaho,2017,Severe,3133,82677,0.037894457
320,Idaho,2017,UNK,30,82677,0.000362858
321,Idaho,2018,Heavy,133,82677,0.00160867
322,Idaho,2018,Light,8593,82677,0.103934589
323,Idaho,2018,Moderate,2128,82677,0.025738718
324,Idaho,2018,Other,1,82677,1.21E-05
325,Idaho,2018,Severe,2410,82677,0.029149582
326,Idaho,2018,UNK,45,82677,0.000544287
327,Idaho,2019,Heavy,183,82677,0.002213433
328,Idaho,2019,Light,9258,82677,0.111977938
329,Idaho,2019,Moderate,1926,82677,0.023295475
330,Idaho,2019,Other,1,82677,1.21E-05
331,Idaho,2019,Severe,2829,82677,0.034217497
332,Idaho,2019,UNK,43,82677,0.000520096
333,Idaho,2020,Heavy,276,82677,0.003338292
334,Idaho,2020,Light,8495,82677,0.102749253
335,Idaho,2020,Moderate,2918,82677,0.035293975
336,Idaho,2020,Other,1,82677,1.21E-05
337,Idaho,2020,Severe,2925,82677,0.035378642
338,Idaho,2020,UNK,36,82677,0.000435429
339,Idaho,2021,Heavy,241,82677,0.002914958
340,Idaho,2021,Light,8240,82677,0.099664961
341,Idaho,2021,Moderate,2695,82677,0.032596732
342,Idaho,2021,Severe,2629,82677,0.031798445
343,Idaho,2021,UNK,53,82677,0.000641049
344,Illinois,2016,Heavy,1204,55748,0.021597187
345,Illinois,2016,Light,26458,55748,0.474599986
346,Illinois,2016,Moderate,6566,55748,0.11778001
347,Illinois,2016,Other,23,55748,0.000412571
348,Illinois,2016,Severe,5835,55748,0.104667432
349,Illinois,2016,UNK,307,55748,0.005506924
350,Illinois,2017,Heavy,1121,55748,0.020108345
351,Illinois,2017,Light,25383,55748,0.455316783
352,Illinois,2017,Moderate,5808,55748,0.10418311
353,Illinois,2017,Other,20,55748,0.000358757
354,Illinois,2017,Severe,4712,55748,0.084523212
355,Illinois,2017,UNK,264,55748,0.004735596
356,Illinois,2018,Heavy,1425,55748,0.025561455
357,Illinois,2018,Light,30351,55748,0.544432087
358,Illinois,2018,Moderate,7397,55748,0.132686374
359,Illinois,2018,Other,13,55748,0.000233192
360,Illinois,2018,Severe,5176,55748,0.09284638
361,Illinois,2018,UNK,322,55748,0.005775992
362,Illinois,2019,Heavy,1151,55748,0.020646481
363,Illinois,2019,Light,27359,55748,0.490762
364,Illinois,2019,Moderate,7214,55748,0.129403745
365,Illinois,2019,Other,14,55748,0.00025113
366,Illinois,2019,Severe,7190,55748,0.128973237
367,Illinois,2019,UNK,1533,55748,0.027498744
368,Illinois,2020,Heavy,815,55748,0.014619359
369,Illinois,2020,Light,23907,55748,0.428840497
370,Illinois,2020,Moderate,5184,55748,0.092989883
371,Illinois,2020,Other,1,55748,1.79E-05
372,Illinois,2020,Severe,7521,55748,0.134910669
373,Illinois,2020,UNK,1157,55748,0.020754108
374,Illinois,2021,Heavy,821,55748,0.014726986
375,Illinois,2021,Light,23353,55748,0.41890292
376,Illinois,2021,Moderate,4893,55748,0.087769965
377,Illinois,2021,Severe,7683,55748,0.137816603
378,Illinois,2021,UNK,1231,55748,0.02208151
379,Indiana,2016,Heavy,469,36097,0.012992769
380,Indiana,2016,Light,12700,36097,0.351829792
381,Indiana,2016,Moderate,3926,36097,0.108762501
382,Indiana,2016,Other,13,36097,0.000360141
383,Indiana,2016,Severe,3048,36097,0.08443915
384,Indiana,2016,UNK,279,36097,0.007729174
385,Indiana,2017,Heavy,606,36097,0.016788099
386,Indiana,2017,Light,13762,36097,0.381250519
387,Indiana,2017,Moderate,4283,36097,0.11865252
388,Indiana,2017,Other,9,36097,0.000249328
389,Indiana,2017,Severe,2473,36097,0.068509848
390,Indiana,2017,UNK,281,36097,0.00778458
391,Indiana,2018,Heavy,533,36097,0.01476577
392,Indiana,2018,Light,15600,36097,0.432168878
393,Indiana,2018,Moderate,4621,36097,0.128016179
394,Indiana,2018,Other,7,36097,0.000193922
395,Indiana,2018,Severe,3040,36097,0.084217525
396,Indiana,2018,UNK,103,36097,0.002853423
397,Indiana,2019,Heavy,431,36097,0.01194005
398,Indiana,2019,Light,14361,36097,0.397844696
399,Indiana,2019,Moderate,3678,36097,0.101892124
400,Indiana,2019,Other,6,36097,0.000166219
401,Indiana,2019,Severe,4759,36097,0.131839211
402,Indiana,2019,UNK,449,36097,0.012438707
403,Indiana,2020,Heavy,344,36097,0.009529878
404,Indiana,2020,Light,13511,36097,0.374297033
405,Indiana,2020,Moderate,2695,36097,0.074659944
406,Indiana,2020,Severe,5284,36097,0.146383356
407,Indiana,2020,UNK,427,36097,0.011829238
408,Indiana,2021,Heavy,472,36097,0.013075879
409,Indiana,2021,Light,13120,36097,0.363465108
410,Indiana,2021,Moderate,3114,36097,0.086267557
411,Indiana,2021,Severe,4822,36097,0.133584508
412,Indiana,2021,UNK,475,36097,0.013158988
413,Iowa,2016,Heavy,1116,55941,0.01994959
414,Iowa,2016,Light,19943,55941,0.356500599
415,Iowa,2016,Moderate,7118,55941,0.127241201
416,Iowa,2016,Other,9,55941,0.000160884
417,Iowa,2016,Severe,6358,55941,0.113655458
418,Iowa,2016,UNK,445,55941,0.00795481
419,Iowa,2017,Heavy,802,55941,0.014336533
420,Iowa,2017,Light,18536,55941,0.3313491
421,Iowa,2017,Moderate,5474,55941,0.097853095
422,Iowa,2017,Other,7,55941,0.000125132
423,Iowa,2017,Severe,5002,55941,0.089415634
424,Iowa,2017,UNK,331,55941,0.005916948
425,Iowa,2018,Heavy,1285,55941,0.02297063
426,Iowa,2018,Light,25155,55941,0.449670188
427,Iowa,2018,Moderate,7069,55941,0.126365278
428,Iowa,2018,Other,16,55941,0.000286016
429,Iowa,2018,Severe,6116,55941,0.109329472
430,Iowa,2018,UNK,554,55941,0.009903291
431,Iowa,2019,Heavy,932,55941,0.01666041
432,Iowa,2019,Light,23841,55941,0.426181155
433,Iowa,2019,Moderate,6234,55941,0.111438837
434,Iowa,2019,Other,9,55941,0.000160884
435,Iowa,2019,Severe,9879,55941,0.176596772
436,Iowa,2019,UNK,819,55941,0.014640425
437,Iowa,2020,Heavy,614,55941,0.01097585
438,Iowa,2020,Light,17311,55941,0.309451029
439,Iowa,2020,Moderate,4236,55941,0.075722636
440,Iowa,2020,Other,1,55941,1.79E-05
441,Iowa,2020,Severe,10186,55941,0.182084696
442,Iowa,2020,UNK,516,55941,0.009224004
443,Iowa,2021,Heavy,602,55941,0.010761338
444,Iowa,2021,Light,15559,55941,0.278132318
445,Iowa,2021,Moderate,4927,55941,0.088074936
446,Iowa,2021,Other,3,55941,5.36E-05
447,Iowa,2021,Severe,9475,55941,0.169374877
448,Iowa,2021,UNK,551,55941,0.009849663
449,Kansas,2016,Heavy,818,81787,0.010001589
450,Kansas,2016,Light,9360,81787,0.114443616
451,Kansas,2016,Moderate,3026,81787,0.036998545
452,Kansas,2016,Other,15,81787,0.000183403
453,Kansas,2016,Severe,3193,81787,0.039040434
454,Kansas,2016,UNK,231,81787,0.00282441
455,Kansas,2017,Heavy,753,81787,0.009206842
456,Kansas,2017,Light,9914,81787,0.121217308
457,Kansas,2017,Moderate,3035,81787,0.037108587
458,Kansas,2017,Other,4,81787,4.89E-05
459,Kansas,2017,Severe,2629,81787,0.032144473
460,Kansas,2017,UNK,168,81787,0.002054116
461,Kansas,2018,Heavy,701,81787,0.008571044
462,Kansas,2018,Light,11366,81787,0.138970741
463,Kansas,2018,Moderate,3429,81787,0.041925978
464,Kansas,2018,Other,25,81787,0.000305672
465,Kansas,2018,Severe,2430,81787,0.029711323
466,Kansas,2018,UNK,200,81787,0.002445376
467,Kansas,2019,Heavy,589,81787,0.007201634
468,Kansas,2019,Light,11584,81787,0.141636201
469,Kansas,2019,Moderate,3064,81787,0.037463167
470,Kansas,2019,Other,17,81787,0.000207857
471,Kansas,2019,Severe,4059,81787,0.049628914
472,Kansas,2019,UNK,1381,81787,0.016885324
473,Kansas,2020,Heavy,387,81787,0.004731803
474,Kansas,2020,Light,8894,81787,0.108745889
475,Kansas,2020,Moderate,2510,81787,0.030689474
476,Kansas,2020,Other,4,81787,4.89E-05
477,Kansas,2020,Severe,3826,81787,0.046780051
478,Kansas,2020,UNK,694,81787,0.008485456
479,Kansas,2021,Heavy,420,81787,0.00513529
480,Kansas,2021,Light,8458,81787,0.103414968
481,Kansas,2021,Moderate,2918,81787,0.035678042
482,Kansas,2021,Other,3,81787,3.67E-05
483,Kansas,2021,Severe,2978,81787,0.036411655
484,Kansas,2021,UNK,813,81787,0.009940455
485,Kentucky,2016,Heavy,675,39650,0.01702396
486,Kentucky,2016,Light,10818,39650,0.272837327
487,Kentucky,2016,Moderate,2923,39650,0.07372005
488,Kentucky,2016,Other,13,39650,0.000327869
489,Kentucky,2016,Severe,2627,39650,0.066254729
490,Kentucky,2016,UNK,310,39650,0.007818411
491,Kentucky,2017,Heavy,568,39650,0.014325347
492,Kentucky,2017,Light,10798,39650,0.272332913
493,Kentucky,2017,Moderate,2604,39650,0.065674653
494,Kentucky,2017,Other,3,39650,7.57E-05
495,Kentucky,2017,Severe,2417,39650,0.060958386
496,Kentucky,2017,UNK,220,39650,0.00554855
497,Kentucky,2018,Heavy,719,39650,0.01813367
498,Kentucky,2018,Light,14313,39650,0.360983607
499,Kentucky,2018,Moderate,3301,39650,0.083253468
500,Kentucky,2018,Other,22,39650,0.000554855
501,Kentucky,2018,Severe,2194,39650,0.055334174
502,Kentucky,2018,UNK,309,39650,0.00779319
503,Kentucky,2019,Heavy,623,39650,0.015712484
504,Kentucky,2019,Light,12230,39650,0.308448928
505,Kentucky,2019,Moderate,3167,39650,0.079873897
506,Kentucky,2019,Other,21,39650,0.000529634
507,Kentucky,2019,Severe,2999,39650,0.075636822
508,Kentucky,2019,UNK,643,39650,0.016216898
509,Kentucky,2020,Heavy,519,39650,0.013089533
510,Kentucky,2020,Light,13276,39650,0.33482976
511,Kentucky,2020,Moderate,2727,39650,0.068776797
512,Kentucky,2020,Severe,4164,39650,0.105018916
513,Kentucky,2020,UNK,619,39650,0.015611602
514,Kentucky,2021,Heavy,613,39650,0.015460277
515,Kentucky,2021,Light,11735,39650,0.295964691
516,Kentucky,2021,Moderate,3039,39650,0.076645649
517,Kentucky,2021,Other,5,39650,0.000126103
518,Kentucky,2021,Severe,4053,39650,0.10221942
519,Kentucky,2021,UNK,672,39650,0.016948298
520,Louisiana,2016,Heavy,1958,44930,0.043578901
521,Louisiana,2016,Light,18366,44930,0.408769197
522,Louisiana,2016,Moderate,6070,44930,0.135099043
523,Louisiana,2016,Other,3,44930,6.68E-05
524,Louisiana,2016,Severe,5983,44930,0.133162698
525,Louisiana,2016,UNK,671,44930,0.014934342
526,Louisiana,2017,Heavy,1672,44930,0.037213443
527,Louisiana,2017,Light,19581,44930,0.435811262
528,Louisiana,2017,Moderate,5939,44930,0.132183396
529,Louisiana,2017,Other,17,44930,0.000378366
530,Louisiana,2017,Severe,6348,44930,0.141286446
531,Louisiana,2017,UNK,503,44930,0.011195193
532,Louisiana,2018,Heavy,1788,44930,0.039795237
533,Louisiana,2018,Light,21916,44930,0.487780993
534,Louisiana,2018,Moderate,6533,44930,0.145403962
535,Louisiana,2018,Other,6,44930,0.000133541
536,Louisiana,2018,Severe,5380,44930,0.119741821
537,Louisiana,2018,UNK,541,44930,0.012040953
538,Louisiana,2019,Heavy,1090,44930,0.02425996
539,Louisiana,2019,Light,16396,44930,0.364923214
540,Louisiana,2019,Moderate,4538,44930,0.101001558
541,Louisiana,2019,Other,8,44930,0.000178055
542,Louisiana,2019,Severe,7271,44930,0.161829513
543,Louisiana,2019,UNK,1535,44930,0.034164256
544,Louisiana,2020,Heavy,1035,44930,0.023035834
545,Louisiana,2020,Light,16469,44930,0.366547963
546,Louisiana,2020,Moderate,4089,44930,0.091008235
547,Louisiana,2020,Other,12,44930,0.000267082
548,Louisiana,2020,Severe,7777,44930,0.173091476
549,Louisiana,2020,UNK,1545,44930,0.034386824
550,Louisiana,2021,Heavy,1179,44930,0.026240819
551,Louisiana,2021,Light,14520,44930,0.323169375
552,Louisiana,2021,Moderate,3875,44930,0.08624527
553,Louisiana,2021,Other,2,44930,4.45E-05
554,Louisiana,2021,Severe,7835,44930,0.174382373
555,Louisiana,2021,UNK,2034,44930,0.045270421
556,Maine,2016,Heavy,357,30920,0.011545925
557,Maine,2016,Light,7141,30920,0.230950841
558,Maine,2016,Moderate,1862,30920,0.060219922
559,Maine,2016,Other,2,30920,6.47E-05
560,Maine,2016,Severe,2389,30920,0.077263907
561,Maine,2016,UNK,168,30920,0.005433376
562,Maine,2017,Heavy,290,30920,0.009379043
563,Maine,2017,Light,7822,30920,0.25297542
564,Maine,2017,Moderate,1965,30920,0.0635511
565,Maine,2017,Other,11,30920,0.000355757
566,Maine,2017,Severe,2718,30920,0.087904269
567,Maine,2017,UNK,107,30920,0.003460543
568,Maine,2018,Heavy,342,30920,0.011060802
569,Maine,2018,Light,8264,30920,0.267270375
570,Maine,2018,Moderate,2459,30920,0.079527814
571,Maine,2018,Other,12,30920,0.000388098
572,Maine,2018,Severe,3072,30920,0.099353169
573,Maine,2018,UNK,67,30920,0.002166882
574,Maine,2019,Heavy,414,30920,0.013389392
575,Maine,2019,Light,8518,30920,0.275485123
576,Maine,2019,Moderate,2458,30920,0.079495472
577,Maine,2019,Other,4,30920,0.000129366
578,Maine,2019,Severe,3719,30920,0.120278137
579,Maine,2019,UNK,118,30920,0.0038163
580,Maine,2020,Heavy,463,30920,0.014974127
581,Maine,2020,Light,6569,30920,0.212451488
582,Maine,2020,Moderate,1951,30920,0.063098318
583,Maine,2020,Other,1,30920,3.23E-05
584,Maine,2020,Severe,3411,30920,0.110316947
585,Maine,2020,UNK,149,30920,0.004818887
586,Maine,2021,Heavy,380,30920,0.01228978
587,Maine,2021,Light,7016,30920,0.22690815
588,Maine,2021,Moderate,1884,30920,0.060931436
589,Maine,2021,Other,3,30920,9.70E-05
590,Maine,2021,Severe,2836,30920,0.091720569
591,Maine,2021,UNK,100,30920,0.003234153
592,Maryland,2016,Heavy,285,9891,0.028814073
593,Maryland,2016,Light,5551,9891,0.561217268
594,Maryland,2016,Moderate,1886,9891,0.190678395
595,Maryland,2016,Other,8,9891,0.000808816
596,Maryland,2016,Severe,1805,9891,0.182489132
597,Maryland,2016,UNK,96,9891,0.009705793
598,Maryland,2017,Heavy,304,9891,0.030735012
599,Maryland,2017,Light,6303,9891,0.637245981
600,Maryland,2017,Moderate,2240,9891,0.226468507
601,Maryland,2017,Other,23,9891,0.002325346
602,Maryland,2017,Severe,1840,9891,0.186027702
603,Maryland,2017,UNK,95,9891,0.009604691
604,Maryland,2018,Heavy,521,9891,0.052674148
605,Maryland,2018,Light,7918,9891,0.80052573
606,Maryland,2018,Moderate,2620,9891,0.264887271
607,Maryland,2018,Other,26,9891,0.002628652
608,Maryland,2018,Severe,1951,9891,0.197250025
609,Maryland,2018,UNK,241,9891,0.024365585
610,Maryland,2019,Heavy,235,9891,0.023758973
611,Maryland,2019,Light,6037,9891,0.610352846
612,Maryland,2019,Moderate,1791,9891,0.181073703
613,Maryland,2019,Other,11,9891,0.001112122
614,Maryland,2019,Severe,2173,9891,0.219694672
615,Maryland,2019,UNK,230,9891,0.023253463
616,Maryland,2020,Heavy,338,9891,0.03417248
617,Maryland,2020,Light,7591,9891,0.767465373
618,Maryland,2020,Moderate,1773,9891,0.179253867
619,Maryland,2020,Severe,2960,9891,0.299261955
620,Maryland,2020,UNK,248,9891,0.025073299
621,Maryland,2021,Heavy,305,9891,0.030836114
622,Maryland,2021,Light,6419,9891,0.648973815
623,Maryland,2021,Moderate,1591,9891,0.160853301
624,Maryland,2021,Other,2,9891,0.000202204
625,Maryland,2021,Severe,2457,9891,0.248407643
626,Maryland,2021,UNK,240,9891,0.024264483
627,Massachusetts,2016,Heavy,357,7826,0.045617174
628,Massachusetts,2016,Light,8609,7826,1.100051112
629,Massachusetts,2016,Moderate,2429,7826,0.310375671
630,Massachusetts,2016,Other,6,7826,0.000766675
631,Massachusetts,2016,Severe,3154,7826,0.403015589
632,Massachusetts,2016,UNK,79,7826,0.010094557
633,Massachusetts,2017,Heavy,416,7826,0.053156146
634,Massachusetts,2017,Light,10208,7826,1.304370049
635,Massachusetts,2017,Moderate,2565,7826,0.327753642
636,Massachusetts,2017,Other,9,7826,0.001150013
637,Massachusetts,2017,Severe,3539,7826,0.45221058
638,Massachusetts,2017,UNK,92,7826,0.011755686
639,Massachusetts,2018,Heavy,704,7826,0.089956555
640,Massachusetts,2018,Light,11410,7826,1.457960644
641,Massachusetts,2018,Moderate,3413,7826,0.436110401
642,Massachusetts,2018,Other,13,7826,0.00166113
643,Massachusetts,2018,Severe,3358,7826,0.429082545
644,Massachusetts,2018,UNK,111,7826,0.014183491
645,Massachusetts,2019,Heavy,593,7826,0.075773064
646,Massachusetts,2019,Light,10920,7826,1.395348837
647,Massachusetts,2019,Moderate,3461,7826,0.442243803
648,Massachusetts,2019,Other,23,7826,0.002938922
649,Massachusetts,2019,Severe,5248,7826,0.670585229
650,Massachusetts,2019,UNK,257,7826,0.032839254
651,Massachusetts,2020,Heavy,451,7826,0.057628418
652,Massachusetts,2020,Light,8808,7826,1.125479172
653,Massachusetts,2020,Moderate,2543,7826,0.324942499
654,Massachusetts,2020,Other,3,7826,0.000383338
655,Massachusetts,2020,Severe,5735,7826,0.732813698
656,Massachusetts,2020,UNK,199,7826,0.02542806
657,Massachusetts,2021,Heavy,648,7826,0.08280092
658,Massachusetts,2021,Light,10176,7826,1.300281114
659,Massachusetts,2021,Moderate,2989,7826,0.381932021
660,Massachusetts,2021,Other,1,7826,0.000127779
661,Massachusetts,2021,Severe,4974,7826,0.635573729
662,Massachusetts,2021,UNK,281,7826,0.035905955
663,Michigan,2016,Heavy,775,56817,0.013640284
664,Michigan,2016,Light,39515,56817,0.695478466
665,Michigan,2016,Moderate,7154,56817,0.125913019
666,Michigan,2016,Other,26,56817,0.00045761
667,Michigan,2016,Severe,8703,56817,0.153175986
668,Michigan,2016,UNK,245,56817,0.00431209
669,Michigan,2017,Heavy,826,56817,0.014537902
670,Michigan,2017,Light,45893,56817,0.807733601
671,Michigan,2017,Moderate,7521,56817,0.132372353
672,Michigan,2017,Other,32,56817,0.000563212
673,Michigan,2017,Severe,8643,56817,0.152119964
674,Michigan,2017,UNK,258,56817,0.004540894
675,Michigan,2018,Heavy,868,56817,0.015277118
676,Michigan,2018,Light,42440,56817,0.746959537
677,Michigan,2018,Moderate,7933,56817,0.139623704
678,Michigan,2018,Other,193,56817,0.003396871
679,Michigan,2018,Severe,7825,56817,0.137722865
680,Michigan,2018,UNK,213,56817,0.003748878
681,Michigan,2019,Heavy,942,56817,0.016579545
682,Michigan,2019,Light,45661,56817,0.803650316
683,Michigan,2019,Moderate,8724,56817,0.153545594
684,Michigan,2019,Other,89,56817,0.001566433
685,Michigan,2019,Severe,12401,56817,0.21826214
686,Michigan,2019,UNK,597,56817,0.010507419
687,Michigan,2020,Heavy,739,56817,0.013006671
688,Michigan,2020,Light,38311,56817,0.674287625
689,Michigan,2020,Moderate,5380,56817,0.09468997
690,Michigan,2020,Other,10,56817,0.000176004
691,Michigan,2020,Severe,9282,56817,0.163366598
692,Michigan,2020,UNK,573,56817,0.01008501
693,Michigan,2021,Heavy,810,56817,0.014256297
694,Michigan,2021,Light,37206,56817,0.654839221
695,Michigan,2021,Moderate,5917,56817,0.104141366
696,Michigan,2021,Other,2,56817,3.52E-05
697,Michigan,2021,Severe,12229,56817,0.215234877
698,Michigan,2021,UNK,642,56817,0.011299435
699,Minnesota,2016,Heavy,1540,79289,0.019422619
700,Minnesota,2016,Light,47683,79289,0.601382285
701,Minnesota,2016,Moderate,10153,79289,0.128050549
702,Minnesota,2016,Other,19,79289,0.00023963
703,Minnesota,2016,Severe,11011,79289,0.138871722
704,Minnesota,2016,UNK,362,79289,0.004565577
705,Minnesota,2017,Heavy,1035,79289,0.013053513
706,Minnesota,2017,Light,44736,79289,0.564214456
707,Minnesota,2017,Moderate,9666,79289,0.121908461
708,Minnesota,2017,Other,15,79289,0.000189181
709,Minnesota,2017,Severe,10505,79289,0.132490005
710,Minnesota,2017,UNK,306,79289,0.0038593
711,Minnesota,2018,Heavy,960,79289,0.012107606
712,Minnesota,2018,Light,46162,79289,0.582199296
713,Minnesota,2018,Moderate,9574,79289,0.120748149
714,Minnesota,2018,Other,13,79289,0.000163957
715,Minnesota,2018,Severe,10205,79289,0.128706378
716,Minnesota,2018,UNK,318,79289,0.004010645
717,Minnesota,2019,Heavy,840,79289,0.010594156
718,Minnesota,2019,Light,45390,79289,0.572462763
719,Minnesota,2019,Moderate,9787,79289,0.123434524
720,Minnesota,2019,Other,6,79289,7.57E-05
721,Minnesota,2019,Severe,16159,79289,0.203798761
722,Minnesota,2019,UNK,1100,79289,0.013873299
723,Minnesota,2020,Heavy,638,79289,0.008046513
724,Minnesota,2020,Light,31725,79289,0.400118554
725,Minnesota,2020,Moderate,4939,79289,0.062291112
726,Minnesota,2020,Other,1,79289,1.26E-05
727,Minnesota,2020,Severe,12717,79289,0.160387948
728,Minnesota,2020,UNK,1101,79289,0.013885911
729,Minnesota,2021,Heavy,635,79289,0.008008677
730,Minnesota,2021,Light,32598,79289,0.411128908
731,Minnesota,2021,Moderate,6839,79289,0.086254083
732,Minnesota,2021,Other,2,79289,2.52E-05
733,Minnesota,2021,Severe,14051,79289,0.177212476
734,Minnesota,2021,UNK,959,79289,0.012094994
735,Mississippi,2016,Heavy,845,47296,0.017866204
736,Mississippi,2016,Light,8496,47296,0.179634641
737,Mississippi,2016,Moderate,4736,47296,0.100135318
738,Mississippi,2016,Other,1,47296,2.11E-05
739,Mississippi,2016,Severe,3222,47296,0.068124154
740,Mississippi,2016,UNK,371,47296,0.007844215
741,Mississippi,2017,Heavy,919,47296,0.019430819
742,Mississippi,2017,Light,10311,47296,0.21800998
743,Mississippi,2017,Moderate,3700,47296,0.078230717
744,Mississippi,2017,Other,10,47296,0.000211434
745,Mississippi,2017,Severe,4059,47296,0.085821211
746,Mississippi,2017,UNK,390,47296,0.00824594
747,Mississippi,2018,Heavy,931,47296,0.01968454
748,Mississippi,2018,Light,11592,47296,0.245094723
749,Mississippi,2018,Moderate,4893,47296,0.103454838
750,Mississippi,2018,Severe,4868,47296,0.102926252
751,Mississippi,2018,UNK,219,47296,0.004630413
752,Mississippi,2019,Heavy,781,47296,0.016513024
753,Mississippi,2019,Light,11369,47296,0.240379736
754,Mississippi,2019,Moderate,3567,47296,0.07541864
755,Mississippi,2019,Other,1,47296,2.11E-05
756,Mississippi,2019,Severe,5019,47296,0.106118911
757,Mississippi,2019,UNK,801,47296,0.016935893
758,Mississippi,2020,Heavy,855,47296,0.018077639
759,Mississippi,2020,Light,12368,47296,0.26150203
760,Mississippi,2020,Moderate,3044,47296,0.064360622
761,Mississippi,2020,Other,1,47296,2.11E-05
762,Mississippi,2020,Severe,5486,47296,0.115992896
763,Mississippi,2020,UNK,1008,47296,0.021312585
764,Mississippi,2021,Heavy,854,47296,0.018056495
765,Mississippi,2021,Light,10257,47296,0.216868234
766,Mississippi,2021,Moderate,2757,47296,0.058292456
767,Mississippi,2021,Severe,6035,47296,0.127600643
768,Mississippi,2021,UNK,1277,47296,0.027000169
769,Missouri,2016,Heavy,823,68995,0.011928401
770,Missouri,2016,Light,10949,68995,0.158692659
771,Missouri,2016,Moderate,3412,68995,0.049452859
772,Missouri,2016,Other,17,68995,0.000246395
773,Missouri,2016,Severe,2644,68995,0.038321618
774,Missouri,2016,UNK,224,68995,0.003246612
775,Missouri,2017,Heavy,777,68995,0.011261686
776,Missouri,2017,Light,10692,68995,0.154967751
777,Missouri,2017,Moderate,3654,68995,0.052960359
778,Missouri,2017,Other,14,68995,0.000202913
779,Missouri,2017,Severe,2275,68995,0.032973404
780,Missouri,2017,UNK,161,68995,0.002333502
781,Missouri,2018,Heavy,755,68995,0.010942822
782,Missouri,2018,Light,12641,68995,0.183216175
783,Missouri,2018,Moderate,3743,68995,0.054250308
784,Missouri,2018,Other,31,68995,0.000449308
785,Missouri,2018,Severe,2174,68995,0.03150953
786,Missouri,2018,UNK,173,68995,0.002507428
787,Missouri,2019,Heavy,762,68995,0.011044279
788,Missouri,2019,Light,11864,68995,0.171954489
789,Missouri,2019,Moderate,3635,68995,0.052684977
790,Missouri,2019,Other,29,68995,0.00042032
791,Missouri,2019,Severe,3752,68995,0.054380752
792,Missouri,2019,UNK,1081,68995,0.015667802
793,Missouri,2020,Heavy,570,68995,0.008261468
794,Missouri,2020,Light,11288,68995,0.163606058
795,Missouri,2020,Moderate,3324,68995,0.048177404
796,Missouri,2020,Other,2,68995,2.90E-05
797,Missouri,2020,Severe,5020,68995,0.072758896
798,Missouri,2020,UNK,799,68995,0.011580549
799,Missouri,2021,Heavy,557,68995,0.008073049
800,Missouri,2021,Light,11138,68995,0.161431988
801,Missouri,2021,Moderate,3506,68995,0.050815276
802,Missouri,2021,Other,1,68995,1.45E-05
803,Missouri,2021,Severe,4271,68995,0.061903036
804,Missouri,2021,UNK,934,68995,0.013537213
805,Montana,2016,Heavy,208,145587,0.001428699
806,Montana,2016,Light,9311,145587,0.063954886
807,Montana,2016,Moderate,2110,145587,0.014493052
808,Montana,2016,Other,4,145587,2.75E-05
809,Montana,2016,Severe,3009,145587,0.020668054
810,Montana,2016,UNK,106,145587,0.000728087
811,Montana,2017,Heavy,264,145587,0.001813349
812,Montana,2017,Light,9742,145587,0.066915315
813,Montana,2017,Moderate,2995,145587,0.020571892
814,Montana,2017,Other,6,145587,4.12E-05
815,Montana,2017,Severe,3327,145587,0.022852315
816,Montana,2017,UNK,28,145587,0.000192325
817,Montana,2018,Heavy,254,145587,0.001744661
818,Montana,2018,Light,10171,145587,0.069862007
819,Montana,2018,Moderate,2731,145587,0.018758543
820,Montana,2018,Other,8,145587,5.49E-05
821,Montana,2018,Severe,3218,145587,0.022103622
822,Montana,2018,UNK,51,145587,0.000350306
823,Montana,2019,Heavy,179,145587,0.001229505
824,Montana,2019,Light,10011,145587,0.068763008
825,Montana,2019,Moderate,2477,145587,0.017013882
826,Montana,2019,Other,4,145587,2.75E-05
827,Montana,2019,Severe,3474,145587,0.023862021
828,Montana,2019,UNK,159,145587,0.00109213
829,Montana,2020,Heavy,243,145587,0.001669105
830,Montana,2020,Light,7973,145587,0.054764505
831,Montana,2020,Moderate,2107,145587,0.014472446
832,Montana,2020,Other,5,145587,3.43E-05
833,Montana,2020,Severe,2523,145587,0.017329844
834,Montana,2020,UNK,79,145587,0.000542631
835,Montana,2021,Heavy,240,145587,0.001648499
836,Montana,2021,Light,7691,145587,0.052827519
837,Montana,2021,Moderate,2918,145587,0.020042998
838,Montana,2021,Other,7,145587,4.81E-05
839,Montana,2021,Severe,2886,145587,0.019823198
840,Montana,2021,UNK,58,145587,0.000398387
841,Nebraska,2016,Heavy,703,76483,0.009191585
842,Nebraska,2016,Light,13086,76483,0.171096845
843,Nebraska,2016,Moderate,3377,76483,0.044153603
844,Nebraska,2016,Other,7,76483,9.15E-05
845,Nebraska,2016,Severe,2858,76483,0.037367781
846,Nebraska,2016,UNK,95,76483,0.001242106
847,Nebraska,2017,Heavy,677,76483,0.00885164
848,Nebraska,2017,Light,13885,76483,0.181543611
849,Nebraska,2017,Moderate,3268,76483,0.042728449
850,Nebraska,2017,Other,9,76483,0.000117673
851,Nebraska,2017,Severe,2162,76483,0.02826772
852,Nebraska,2017,UNK,120,76483,0.001568976
853,Nebraska,2018,Heavy,692,76483,0.009047762
854,Nebraska,2018,Light,16934,76483,0.221408679
855,Nebraska,2018,Moderate,3754,76483,0.049082803
856,Nebraska,2018,Other,18,76483,0.000235346
857,Nebraska,2018,Severe,2649,76483,0.034635148
858,Nebraska,2018,UNK,128,76483,0.001673575
859,Nebraska,2019,Heavy,520,76483,0.006798896
860,Nebraska,2019,Light,15528,76483,0.203025509
861,Nebraska,2019,Moderate,3112,76483,0.040688781
862,Nebraska,2019,Other,11,76483,0.000143823
863,Nebraska,2019,Severe,4965,76483,0.064916387
864,Nebraska,2019,UNK,894,76483,0.011688872
865,Nebraska,2020,Heavy,275,76483,0.00359557
866,Nebraska,2020,Light,10608,76483,0.138697488
867,Nebraska,2020,Moderate,2234,76483,0.029209105
868,Nebraska,2020,Severe,4723,76483,0.061752285
869,Nebraska,2020,UNK,430,76483,0.005622164
870,Nebraska,2021,Heavy,429,76483,0.00560909
871,Nebraska,2021,Light,10118,76483,0.132290836
872,Nebraska,2021,Moderate,3099,76483,0.040518808
873,Nebraska,2021,Severe,4695,76483,0.06138619
874,Nebraska,2021,UNK,619,76483,0.008093302
875,Nevada,2016,Heavy,86,109889,0.000782608
876,Nevada,2016,Light,3443,109889,0.031331616
877,Nevada,2016,Moderate,929,109889,0.008453985
878,Nevada,2016,Other,4,109889,3.64E-05
879,Nevada,2016,Severe,626,109889,0.005696658
880,Nevada,2016,UNK,28,109889,0.000254803
881,Nevada,2017,Heavy,75,109889,0.000682507
882,Nevada,2017,Light,3772,109889,0.034325547
883,Nevada,2017,Moderate,861,109889,0.007835179
884,Nevada,2017,Other,5,109889,4.55E-05
885,Nevada,2017,Severe,548,109889,0.00498685
886,Nevada,2017,UNK,15,109889,0.000136501
887,Nevada,2018,Heavy,86,109889,0.000782608
888,Nevada,2018,Light,3359,109889,0.030567209
889,Nevada,2018,Moderate,870,109889,0.00791708
890,Nevada,2018,Other,3,109889,2.73E-05
891,Nevada,2018,Severe,635,109889,0.005778558
892,Nevada,2018,UNK,21,109889,0.000191102
893,Nevada,2019,Heavy,136,109889,0.001237612
894,Nevada,2019,Light,4409,109889,0.040122305
895,Nevada,2019,Moderate,978,109889,0.00889989
896,Nevada,2019,Other,1,109889,9.10E-06
897,Nevada,2019,Severe,784,109889,0.007134472
898,Nevada,2019,UNK,36,109889,0.000327603
899,Nevada,2020,Heavy,61,109889,0.000555106
900,Nevada,2020,Light,2094,109889,0.019055592
901,Nevada,2020,Moderate,1125,109889,0.010237603
902,Nevada,2020,Other,3,109889,2.73E-05
903,Nevada,2020,Severe,709,109889,0.006451965
904,Nevada,2020,UNK,5,109889,4.55E-05
905,Nevada,2021,Heavy,120,109889,0.001092011
906,Nevada,2021,Light,2916,109889,0.026535868
907,Nevada,2021,Moderate,1771,109889,0.016116263
908,Nevada,2021,Other,3,109889,2.73E-05
909,Nevada,2021,Severe,767,109889,0.00697977
910,Nevada,2021,UNK,26,109889,0.000236602
911,New Hampshire,2016,Heavy,195,9027,0.021601861
912,New Hampshire,2016,Light,5133,9027,0.568627451
913,New Hampshire,2016,Moderate,1468,9027,0.162623241
914,New Hampshire,2016,Other,6,9027,0.000664673
915,New Hampshire,2016,Severe,2608,9027,0.288911045
916,New Hampshire,2016,UNK,80,9027,0.008862302
917,New Hampshire,2017,Heavy,276,9027,0.030574942
918,New Hampshire,2017,Light,6160,9027,0.682397253
919,New Hampshire,2017,Moderate,1737,9027,0.192422732
920,New Hampshire,2017,Other,7,9027,0.000775451
921,New Hampshire,2017,Severe,2654,9027,0.294006868
922,New Hampshire,2017,UNK,17,9027,0.001883239
923,New Hampshire,2018,Heavy,308,9027,0.034119863
924,New Hampshire,2018,Light,6609,9027,0.732136923
925,New Hampshire,2018,Moderate,1905,9027,0.211033566
926,New Hampshire,2018,Other,21,9027,0.002326354
927,New Hampshire,2018,Severe,2639,9027,0.292345187
928,New Hampshire,2018,UNK,43,9027,0.004763487
929,New Hampshire,2019,Heavy,308,9027,0.034119863
930,New Hampshire,2019,Light,6338,9027,0.702115875
931,New Hampshire,2019,Moderate,1932,9027,0.214024593
932,New Hampshire,2019,Other,10,9027,0.001107788
933,New Hampshire,2019,Severe,3417,9027,0.378531073
934,New Hampshire,2019,UNK,110,9027,0.012185665
935,New Hampshire,2020,Heavy,290,9027,0.032125845
936,New Hampshire,2020,Light,5339,9027,0.591447879
937,New Hampshire,2020,Moderate,1332,9027,0.147557328
938,New Hampshire,2020,Severe,3201,9027,0.354602858
939,New Hampshire,2020,UNK,96,9027,0.010634762
940,New Hampshire,2021,Heavy,295,9027,0.032679739
941,New Hampshire,2021,Light,6259,9027,0.693364351
942,New Hampshire,2021,Moderate,1645,9027,0.182231085
943,New Hampshire,2021,Other,3,9027,0.000332336
944,New Hampshire,2021,Severe,2992,9027,0.331450094
945,New Hampshire,2021,UNK,91,9027,0.010080869
946,New Jersey,2016,Heavy,318,7521,0.042281611
947,New Jersey,2016,Light,5612,7521,0.74617737
948,New Jersey,2016,Moderate,1535,7521,0.2040952
949,New Jersey,2016,Other,8,7521,0.001063688
950,New Jersey,2016,Severe,1417,7521,0.188405797
951,New Jersey,2016,UNK,176,7521,0.023401143
952,New Jersey,2017,Heavy,364,7521,0.048397819
953,New Jersey,2017,Light,6671,7521,0.886983114
954,New Jersey,2017,Moderate,1840,7521,0.244648318
955,New Jersey,2017,Other,16,7521,0.002127377
956,New Jersey,2017,Severe,1474,7521,0.195984577
957,New Jersey,2017,UNK,67,7521,0.00890839
958,New Jersey,2018,Heavy,490,7521,0.065150911
959,New Jersey,2018,Light,7966,7521,1.059167664
960,New Jersey,2018,Moderate,2382,7521,0.316713203
961,New Jersey,2018,Other,19,7521,0.00252626
962,New Jersey,2018,Severe,1791,7521,0.238133227
963,New Jersey,2018,UNK,114,7521,0.015157559
964,New Jersey,2019,Heavy,312,7521,0.041483845
965,New Jersey,2019,Light,7112,7521,0.945618934
966,New Jersey,2019,Moderate,1874,7521,0.249168993
967,New Jersey,2019,Other,19,7521,0.00252626
968,New Jersey,2019,Severe,3196,7521,0.424943492
969,New Jersey,2019,UNK,300,7521,0.039888313
970,New Jersey,2020,Heavy,324,7521,0.043079378
971,New Jersey,2020,Light,7094,7521,0.943225635
972,New Jersey,2020,Moderate,1678,7521,0.223108629
973,New Jersey,2020,Severe,3675,7521,0.488631831
974,New Jersey,2020,UNK,238,7521,0.031644728
975,New Jersey,2021,Heavy,384,7521,0.05105704
976,New Jersey,2021,Light,6305,7521,0.838319372
977,New Jersey,2021,Moderate,1712,7521,0.227629305
978,New Jersey,2021,Severe,2325,7521,0.309134424
979,New Jersey,2021,UNK,264,7521,0.035101715
980,New Mexico,2016,Heavy,195,121412,0.001606102
981,New Mexico,2016,Light,9596,121412,0.079036669
982,New Mexico,2016,Moderate,1674,121412,0.013787764
983,New Mexico,2016,Other,4,121412,3.29E-05
984,New Mexico,2016,Severe,1844,121412,0.015187955
985,New Mexico,2016,UNK,63,121412,0.000518894
986,New Mexico,2017,Heavy,330,121412,0.002718018
987,New Mexico,2017,Light,9904,121412,0.081573485
988,New Mexico,2017,Moderate,1773,121412,0.014603169
989,New Mexico,2017,Other,8,121412,6.59E-05
990,New Mexico,2017,Severe,2129,121412,0.017535334
991,New Mexico,2017,UNK,78,121412,0.000642441
992,New Mexico,2018,Heavy,238,121412,0.001960268
993,New Mexico,2018,Light,8537,121412,0.070314302
994,New Mexico,2018,Moderate,1670,121412,0.013754818
995,New Mexico,2018,Other,8,121412,6.59E-05
996,New Mexico,2018,Severe,1633,121412,0.013450071
997,New Mexico,2018,UNK,47,121412,0.000387112
998,New Mexico,2019,Heavy,238,121412,0.001960268
999,New Mexico,2019,Light,8770,121412,0.072233387
1000,New Mexico,2019,Moderate,1576,121412,0.012980595
1001,New Mexico,2019,Other,2,121412,1.65E-05
1002,New Mexico,2019,Severe,2783,121412,0.022921952
1003,New Mexico,2019,UNK,192,121412,0.001581392
1004,New Mexico,2020,Heavy,134,121412,0.00110368
1005,New Mexico,2020,Light,6128,121412,0.05047277
1006,New Mexico,2020,Moderate,1120,121412,0.009224788
1007,New Mexico,2020,Other,5,121412,4.12E-05
1008,New Mexico,2020,Severe,1856,121412,0.015286792
1009,New Mexico,2020,UNK,154,121412,0.001268408
1010,New Mexico,2021,Heavy,155,121412,0.001276645
1011,New Mexico,2021,Light,6486,121412,0.053421408
1012,New Mexico,2021,Moderate,1313,121412,0.010814417
1013,New Mexico,2021,Other,4,121412,3.29E-05
1014,New Mexico,2021,Severe,1883,121412,0.015509175
1015,New Mexico,2021,UNK,201,121412,0.00165552
1016,New York,2016,Heavy,612,47831,0.012795049
1017,New York,2016,Light,17328,47831,0.362275512
1018,New York,2016,Moderate,3874,47831,0.080993498
1019,New York,2016,Other,44,47831,0.000919906
1020,New York,2016,Severe,3128,47831,0.065396918
1021,New York,2016,UNK,454,47831,0.009491752
1022,New York,2017,Heavy,648,47831,0.013547699
1023,New York,2017,Light,20828,47831,0.435449813
1024,New York,2017,Moderate,4523,47831,0.094562104
1025,New York,2017,Other,56,47831,0.001170789
1026,New York,2017,Severe,4073,47831,0.08515398
1027,New York,2017,UNK,1407,47831,0.029416069
1028,New York,2018,Heavy,879,47831,0.018377203
1029,New York,2018,Light,23494,47831,0.491187723
1030,New York,2018,Moderate,5133,47831,0.107315339
1031,New York,2018,Other,58,47831,0.001212603
1032,New York,2018,Severe,4525,47831,0.094603918
1033,New York,2018,UNK,912,47831,0.019067132
1034,New York,2019,Heavy,772,47831,0.01614016
1035,New York,2019,Light,20931,47831,0.437603228
1036,New York,2019,Moderate,4553,47831,0.095189312
1037,New York,2019,Other,48,47831,0.001003533
1038,New York,2019,Severe,6245,47831,0.13056386
1039,New York,2019,UNK,569,47831,0.011896051
1040,New York,2020,Heavy,619,47831,0.012941398
1041,New York,2020,Light,18263,47831,0.381823504
1042,New York,2020,Moderate,3553,47831,0.074282369
1043,New York,2020,Other,8,47831,0.000167256
1044,New York,2020,Severe,5430,47831,0.113524702
1045,New York,2020,UNK,419,47831,0.008760009
1046,New York,2021,Heavy,753,47831,0.015742928
1047,New York,2021,Light,18614,47831,0.389161841
1048,New York,2021,Moderate,4163,47831,0.087035605
1049,New York,2021,Other,5,47831,0.000104535
1050,New York,2021,Severe,5334,47831,0.111517635
1051,New York,2021,UNK,534,47831,0.011164308
1052,North Carolina,2016,Heavy,2052,48798,0.042050904
1053,North Carolina,2016,Light,30007,48798,0.614922743
1054,North Carolina,2016,Moderate,7941,48798,0.162732079
1055,North Carolina,2016,Other,13,48798,0.000266404
1056,North Carolina,2016,Severe,8569,48798,0.175601459
1057,North Carolina,2016,UNK,474,48798,0.009713513
1058,North Carolina,2017,Heavy,1622,48798,0.033239067
1059,North Carolina,2017,Light,30697,48798,0.629062667
1060,North Carolina,2017,Moderate,7674,48798,0.157260543
1061,North Carolina,2017,Other,27,48798,0.000553301
1062,North Carolina,2017,Severe,8027,48798,0.164494446
1063,North Carolina,2017,UNK,568,48798,0.011639821
1064,North Carolina,2018,Heavy,2161,48798,0.044284602
1065,North Carolina,2018,Light,36145,48798,0.740706586
1066,North Carolina,2018,Moderate,9063,48798,0.185724825
1067,North Carolina,2018,Other,22,48798,0.000450838
1068,North Carolina,2018,Severe,7433,48798,0.152321816
1069,North Carolina,2018,UNK,587,48798,0.012029182
1070,North Carolina,2019,Heavy,1416,48798,0.029017583
1071,North Carolina,2019,Light,31312,48798,0.641665642
1072,North Carolina,2019,Moderate,6507,48798,0.133345629
1073,North Carolina,2019,Other,20,48798,0.000409853
1074,North Carolina,2019,Severe,9866,48798,0.202180417
1075,North Carolina,2019,UNK,1023,48798,0.020963974
1076,North Carolina,2020,Heavy,2346,48798,0.048075741
1077,North Carolina,2020,Light,35847,48798,0.734599779
1078,North Carolina,2020,Moderate,9435,48798,0.193348088
1079,North Carolina,2020,Other,1,48798,2.05E-05
1080,North Carolina,2020,Severe,13475,48798,0.276138366
1081,North Carolina,2020,UNK,1198,48798,0.024550186
1082,North Carolina,2021,Heavy,1676,48798,0.03434567
1083,North Carolina,2021,Light,28394,48798,0.581868109
1084,North Carolina,2021,Moderate,7174,48798,0.147014222
1085,North Carolina,2021,Severe,13429,48798,0.275195705
1086,North Carolina,2021,UNK,1091,48798,0.022357474
1087,North Dakota,2016,Heavy,1354,69273,0.019545855
1088,North Dakota,2016,Light,14471,69273,0.208898128
1089,North Dakota,2016,Moderate,4178,69273,0.060312099
1090,North Dakota,2016,Other,7,69273,0.000101049
1091,North Dakota,2016,Severe,4056,69273,0.058550951
1092,North Dakota,2016,UNK,319,69273,0.004604969
1093,North Dakota,2017,Heavy,424,69273,0.006120711
1094,North Dakota,2017,Light,11300,69273,0.163122717
1095,North Dakota,2017,Moderate,3015,69273,0.043523451
1096,North Dakota,2017,Other,2,69273,2.89E-05
1097,North Dakota,2017,Severe,5351,69273,0.077245103
1098,North Dakota,2017,UNK,51,69273,0.000736218
1099,North Dakota,2018,Heavy,109,69273,0.001573485
1100,North Dakota,2018,Light,13001,69273,0.187677739
1101,North Dakota,2018,Moderate,4199,69273,0.060615247
1102,North Dakota,2018,Other,13,69273,0.000187663
1103,North Dakota,2018,Severe,8795,69273,0.126961442
1104,North Dakota,2018,UNK,51,69273,0.000736218
1105,North Dakota,2019,Heavy,122,69273,0.001761148
1106,North Dakota,2019,Light,15077,69273,0.217646125
1107,North Dakota,2019,Moderate,4229,69273,0.061048316
1108,North Dakota,2019,Other,3,69273,4.33E-05
1109,North Dakota,2019,Severe,9112,69273,0.13153754
1110,North Dakota,2019,UNK,156,69273,0.00225196
1111,North Dakota,2020,Heavy,45,69273,0.000649604
1112,North Dakota,2020,Light,9928,69273,0.143317021
1113,North Dakota,2020,Moderate,2076,69273,0.029968386
1114,North Dakota,2020,Other,4,69273,5.77E-05
1115,North Dakota,2020,Severe,4874,69273,0.070359303
1116,North Dakota,2020,UNK,126,69273,0.00181889
1117,North Dakota,2021,Heavy,59,69273,0.000851703
1118,North Dakota,2021,Light,9764,69273,0.140949576
1119,North Dakota,2021,Moderate,3924,69273,0.056645446
1120,North Dakota,2021,Other,1,69273,1.44E-05
1121,North Dakota,2021,Severe,5766,69273,0.083235893
1122,North Dakota,2021,UNK,90,69273,0.001299207
1123,Ohio,2016,Heavy,608,40975,0.014838316
1124,Ohio,2016,Light,18385,40975,0.448688225
1125,Ohio,2016,Moderate,5356,40975,0.13071385
1126,Ohio,2016,Other,8,40975,0.000195241
1127,Ohio,2016,Severe,3138,40975,0.076583282
1128,Ohio,2016,UNK,204,40975,0.004978646
1129,Ohio,2017,Heavy,849,40975,0.020719951
1130,Ohio,2017,Light,20582,40975,0.502306284
1131,Ohio,2017,Moderate,5306,40975,0.129493594
1132,Ohio,2017,Other,14,40975,0.000341672
1133,Ohio,2017,Severe,3712,40975,0.090591824
1134,Ohio,2017,UNK,236,40975,0.00575961
1135,Ohio,2018,Heavy,712,40975,0.017376449
1136,Ohio,2018,Light,22602,40975,0.551604637
1137,Ohio,2018,Moderate,5984,40975,0.146040268
1138,Ohio,2018,Other,26,40975,0.000634533
1139,Ohio,2018,Severe,3341,40975,0.081537523
1140,Ohio,2018,UNK,233,40975,0.005686394
1141,Ohio,2019,Heavy,650,40975,0.015863331
1142,Ohio,2019,Light,19214,40975,0.468920073
1143,Ohio,2019,Moderate,5172,40975,0.126223307
1144,Ohio,2019,Other,17,40975,0.000414887
1145,Ohio,2019,Severe,6382,40975,0.155753508
1146,Ohio,2019,UNK,740,40975,0.018059793
1147,Ohio,2020,Heavy,585,40975,0.014276998
1148,Ohio,2020,Light,18231,40975,0.444929835
1149,Ohio,2020,Moderate,4417,40975,0.107797437
1150,Ohio,2020,Other,1,40975,2.44E-05
1151,Ohio,2020,Severe,6275,40975,0.15314216
1152,Ohio,2020,UNK,895,40975,0.021842587
1153,Ohio,2021,Heavy,659,40975,0.016082977
1154,Ohio,2021,Light,17504,40975,0.427187309
1155,Ohio,2021,Moderate,5397,40975,0.13171446
1156,Ohio,2021,Other,2,40975,4.88E-05
1157,Ohio,2021,Severe,5800,40975,0.141549725
1158,Ohio,2021,UNK,689,40975,0.016815131
1159,Oklahoma,2016,Heavy,896,68782,0.013026664
1160,Oklahoma,2016,Light,13959,68782,0.202945538
1161,Oklahoma,2016,Moderate,4667,68782,0.067852054
1162,Oklahoma,2016,Other,11,68782,0.000159926
1163,Oklahoma,2016,Severe,4119,68782,0.059884854
1164,Oklahoma,2016,UNK,220,68782,0.003198511
1165,Oklahoma,2017,Heavy,1234,68782,0.01794074
1166,Oklahoma,2017,Light,14891,68782,0.216495595
1167,Oklahoma,2017,Moderate,5527,68782,0.080355326
1168,Oklahoma,2017,Other,9,68782,0.000130848
1169,Oklahoma,2017,Severe,3437,68782,0.049969469
1170,Oklahoma,2017,UNK,283,68782,0.004114449
1171,Oklahoma,2018,Heavy,1112,68782,0.01616702
1172,Oklahoma,2018,Light,16374,68782,0.238056468
1173,Oklahoma,2018,Moderate,6204,68782,0.090198017
1174,Oklahoma,2018,Other,22,68782,0.000319851
1175,Oklahoma,2018,Severe,2864,68782,0.041638801
1176,Oklahoma,2018,UNK,297,68782,0.00431799
1177,Oklahoma,2019,Heavy,747,68782,0.0108604
1178,Oklahoma,2019,Light,15907,68782,0.231266901
1179,Oklahoma,2019,Moderate,5065,68782,0.073638452
1180,Oklahoma,2019,Other,22,68782,0.000319851
1181,Oklahoma,2019,Severe,6094,68782,0.088598761
1182,Oklahoma,2019,UNK,1442,68782,0.020964787
1183,Oklahoma,2020,Heavy,719,68782,0.010453316
1184,Oklahoma,2020,Light,15236,68782,0.221511442
1185,Oklahoma,2020,Moderate,4084,68782,0.059376
1186,Oklahoma,2020,Other,8,68782,0.000116309
1187,Oklahoma,2020,Severe,6368,68782,0.092582362
1188,Oklahoma,2020,UNK,1270,68782,0.018464133
1189,Oklahoma,2021,Heavy,665,68782,0.009668227
1190,Oklahoma,2021,Light,13308,68782,0.193480853
1191,Oklahoma,2021,Moderate,3908,68782,0.056817191
1192,Oklahoma,2021,Severe,5161,68782,0.075034166
1193,Oklahoma,2021,UNK,1152,68782,0.016748568
1194,Oregon,2016,Heavy,260,96184,0.002703152
1195,Oregon,2016,Light,16474,96184,0.171275888
1196,Oregon,2016,Moderate,3320,96184,0.034517175
1197,Oregon,2016,Other,7,96184,7.28E-05
1198,Oregon,2016,Severe,4066,96184,0.042273143
1199,Oregon,2016,UNK,135,96184,0.00140356
1200,Oregon,2017,Heavy,313,96184,0.003254179
1201,Oregon,2017,Light,16796,96184,0.174623638
1202,Oregon,2017,Moderate,4329,96184,0.045007486
1203,Oregon,2017,Other,6,96184,6.24E-05
1204,Oregon,2017,Severe,4651,96184,0.048355236
1205,Oregon,2017,UNK,86,96184,0.00089412
1206,Oregon,2018,Heavy,181,96184,0.00188181
1207,Oregon,2018,Light,15289,96184,0.158955751
1208,Oregon,2018,Moderate,3487,96184,0.036253431
1209,Oregon,2018,Other,1,96184,1.04E-05
1210,Oregon,2018,Severe,4742,96184,0.049301339
1211,Oregon,2018,UNK,26,96184,0.000270315
1212,Oregon,2019,Heavy,233,96184,0.00242244
1213,Oregon,2019,Light,15076,96184,0.156741246
1214,Oregon,2019,Moderate,2845,96184,0.029578724
1215,Oregon,2019,Other,5,96184,5.20E-05
1216,Oregon,2019,Severe,6163,96184,0.064075106
1217,Oregon,2019,UNK,55,96184,0.000571821
1218,Oregon,2020,Heavy,217,96184,0.002256092
1219,Oregon,2020,Light,16308,96184,0.169550029
1220,Oregon,2020,Moderate,3500,96184,0.036388589
1221,Oregon,2020,Severe,7151,96184,0.074347085
1222,Oregon,2020,UNK,60,96184,0.000623804
1223,Oregon,2021,Heavy,237,96184,0.002464027
1224,Oregon,2021,Light,16772,96184,0.174374116
1225,Oregon,2021,Moderate,3784,96184,0.039341263
1226,Oregon,2021,Other,2,96184,2.08E-05
1227,Oregon,2021,Severe,6364,96184,0.066164851
1228,Oregon,2021,UNK,24,96184,0.000249522
1229,Pennsylvania,2016,Heavy,645,44966,0.014344171
1230,Pennsylvania,2016,Light,15846,44966,0.352399591
1231,Pennsylvania,2016,Moderate,4352,44966,0.096784237
1232,Pennsylvania,2016,Other,12,44966,0.000266868
1233,Pennsylvania,2016,Severe,3699,44966,0.082262154
1234,Pennsylvania,2016,UNK,271,44966,0.006026776
1235,Pennsylvania,2017,Heavy,826,44966,0.018369435
1236,Pennsylvania,2017,Light,17625,44966,0.391962816
1237,Pennsylvania,2017,Moderate,4624,44966,0.102833252
1238,Pennsylvania,2017,Other,14,44966,0.000311346
1239,Pennsylvania,2017,Severe,4423,44966,0.098363208
1240,Pennsylvania,2017,UNK,369,44966,0.0082062
1241,Pennsylvania,2018,Heavy,1092,44966,0.024285015
1242,Pennsylvania,2018,Light,21773,44966,0.484210292
1243,Pennsylvania,2018,Moderate,6486,44966,0.144242316
1244,Pennsylvania,2018,Other,22,44966,0.000489259
1245,Pennsylvania,2018,Severe,5368,44966,0.119379086
1246,Pennsylvania,2018,UNK,250,44966,0.005559756
1247,Pennsylvania,2019,Heavy,731,44966,0.016256727
1248,Pennsylvania,2019,Light,18489,44966,0.411177334
1249,Pennsylvania,2019,Moderate,5136,44966,0.114219633
1250,Pennsylvania,2019,Other,14,44966,0.000311346
1251,Pennsylvania,2019,Severe,6748,44966,0.150068941
1252,Pennsylvania,2019,UNK,675,44966,0.015011342
1253,Pennsylvania,2020,Heavy,646,44966,0.01436641
1254,Pennsylvania,2020,Light,18055,44966,0.401525597
1255,Pennsylvania,2020,Moderate,4316,44966,0.095983632
1256,Pennsylvania,2020,Severe,6995,44966,0.15556198
1257,Pennsylvania,2020,UNK,470,44966,0.010452342
1258,Pennsylvania,2021,Heavy,832,44966,0.018502869
1259,Pennsylvania,2021,Light,16877,44966,0.375328026
1260,Pennsylvania,2021,Moderate,4980,44966,0.110750345
1261,Pennsylvania,2021,Severe,6718,44966,0.14940177
1262,Pennsylvania,2021,UNK,693,44966,0.015411644
1263,Rhode Island,2016,Heavy,74,1049,0.070543375
1264,Rhode Island,2016,Light,1555,1049,1.482364156
1265,Rhode Island,2016,Moderate,505,1049,0.481410867
1266,Rhode Island,2016,Severe,529,1049,0.5042898
1267,Rhode Island,2016,UNK,28,1049,0.026692088
1268,Rhode Island,2017,Heavy,95,1049,0.09056244
1269,Rhode Island,2017,Light,2191,1049,2.088655863
1270,Rhode Island,2017,Moderate,589,1049,0.561487131
1271,Rhode Island,2017,Other,7,1049,0.006673022
1272,Rhode Island,2017,Severe,716,1049,0.682554814
1273,Rhode Island,2017,UNK,15,1049,0.014299333
1274,Rhode Island,2018,Heavy,154,1049,0.146806482
1275,Rhode Island,2018,Light,2569,1049,2.448999047
1276,Rhode Island,2018,Moderate,779,1049,0.742612011
1277,Rhode Island,2018,Other,5,1049,0.004766444
1278,Rhode Island,2018,Severe,790,1049,0.753098189
1279,Rhode Island,2018,UNK,12,1049,0.011439466
1280,Rhode Island,2019,Heavy,144,1049,0.137273594
1281,Rhode Island,2019,Light,2337,1049,2.227836034
1282,Rhode Island,2019,Moderate,719,1049,0.685414681
1283,Rhode Island,2019,Other,7,1049,0.006673022
1284,Rhode Island,2019,Severe,910,1049,0.86749285
1285,Rhode Island,2019,UNK,56,1049,0.053384175
1286,Rhode Island,2020,Heavy,88,1049,0.083889418
1287,Rhode Island,2020,Light,1932,1049,1.841754051
1288,Rhode Island,2020,Moderate,689,1049,0.656816015
1289,Rhode Island,2020,Severe,1092,1049,1.04099142
1290,Rhode Island,2020,UNK,32,1049,0.030505243
1291,Rhode Island,2021,Heavy,86,1049,0.081982841
1292,Rhode Island,2021,Light,2098,1049,2
1293,Rhode Island,2021,Moderate,526,1049,0.501429933
1294,Rhode Island,2021,Severe,1030,1049,0.981887512
1295,Rhode Island,2021,UNK,40,1049,0.038131554
1296,South Carolina,2016,Heavy,933,30225,0.030868486
1297,South Carolina,2016,Light,15335,30225,0.507361456
1298,South Carolina,2016,Moderate,6830,30225,0.225971878
1299,South Carolina,2016,Other,1,30225,3.31E-05
1300,South Carolina,2016,Severe,3697,30225,0.122315964
1301,South Carolina,2016,UNK,246,30225,0.008138958
1302,South Carolina,2017,Heavy,988,30225,0.032688172
1303,South Carolina,2017,Light,17848,30225,0.590504549
1304,South Carolina,2017,Moderate,8052,30225,0.266401985
1305,South Carolina,2017,Other,6,30225,0.000198511
1306,South Carolina,2017,Severe,3745,30225,0.123904053
1307,South Carolina,2017,UNK,260,30225,0.008602151
1308,South Carolina,2018,Heavy,1093,30225,0.036162117
1309,South Carolina,2018,Light,21085,30225,0.697601323
1310,South Carolina,2018,Moderate,9134,30225,0.302200165
1311,South Carolina,2018,Other,2,30225,6.62E-05
1312,South Carolina,2018,Severe,3487,30225,0.115368073
1313,South Carolina,2018,UNK,263,30225,0.008701406
1314,South Carolina,2019,Heavy,581,30225,0.019222498
1315,South Carolina,2019,Light,15960,30225,0.528039702
1316,South Carolina,2019,Moderate,5136,30225,0.169925558
1317,South Carolina,2019,Severe,5367,30225,0.177568238
1318,South Carolina,2019,UNK,629,30225,0.020810587
1319,South Carolina,2020,Heavy,1079,30225,0.035698925
1320,South Carolina,2020,Light,19186,30225,0.634772539
1321,South Carolina,2020,Moderate,4624,30225,0.152985939
1322,South Carolina,2020,Severe,6849,30225,0.226600496
1323,South Carolina,2020,UNK,1167,30225,0.038610422
1324,South Carolina,2021,Heavy,754,30225,0.024946237
1325,South Carolina,2021,Light,15741,30225,0.520794045
1326,South Carolina,2021,Moderate,3866,30225,0.127907361
1327,South Carolina,2021,Severe,7364,30225,0.243639371
1328,South Carolina,2021,UNK,927,30225,0.030669975
1329,South Dakota,2016,Heavy,426,75955,0.005608584
1330,South Dakota,2016,Light,8020,75955,0.105588835
1331,South Dakota,2016,Moderate,1841,75955,0.024238036
1332,South Dakota,2016,Other,1,75955,1.32E-05
1333,South Dakota,2016,Severe,2383,75955,0.03137384
1334,South Dakota,2016,UNK,107,75955,0.001408729
1335,South Dakota,2017,Heavy,272,75955,0.003581068
1336,South Dakota,2017,Light,7669,75955,0.100967678
1337,South Dakota,2017,Moderate,1264,75955,0.016641432
1338,South Dakota,2017,Other,2,75955,2.63E-05
1339,South Dakota,2017,Severe,1888,75955,0.024856823
1340,South Dakota,2017,UNK,81,75955,0.001066421
1341,South Dakota,2018,Heavy,376,75955,0.0049503
1342,South Dakota,2018,Light,9217,75955,0.121348167
1343,South Dakota,2018,Moderate,1804,75955,0.023750905
1344,South Dakota,2018,Other,14,75955,0.00018432
1345,South Dakota,2018,Severe,2489,75955,0.032769403
1346,South Dakota,2018,UNK,128,75955,0.001685208
1347,South Dakota,2019,Heavy,539,75955,0.007096307
1348,South Dakota,2019,Light,11110,75955,0.146270818
1349,South Dakota,2019,Moderate,2732,75955,0.035968666
1350,South Dakota,2019,Other,6,75955,7.90E-05
1351,South Dakota,2019,Severe,3917,75955,0.051570009
1352,South Dakota,2019,UNK,429,75955,0.005648081
1353,South Dakota,2020,Heavy,298,75955,0.003923376
1354,South Dakota,2020,Light,6831,75955,0.08993483
1355,South Dakota,2020,Moderate,1352,75955,0.017800013
1356,South Dakota,2020,Other,4,75955,5.27E-05
1357,South Dakota,2020,Severe,2418,75955,0.031834639
1358,South Dakota,2020,UNK,527,75955,0.006938319
1359,South Dakota,2021,Heavy,358,75955,0.004713317
1360,South Dakota,2021,Light,7208,75955,0.094898295
1361,South Dakota,2021,Moderate,1726,75955,0.022723981
1362,South Dakota,2021,Other,3,75955,3.95E-05
1363,South Dakota,2021,Severe,2870,75955,0.037785531
1364,South Dakota,2021,UNK,313,75955,0.004120861
1365,Tennessee,2016,Heavy,334,41328,0.008081688
1366,Tennessee,2016,Light,4209,41328,0.101843786
1367,Tennessee,2016,Moderate,1620,41328,0.039198606
1368,Tennessee,2016,Other,13,41328,0.000314557
1369,Tennessee,2016,Severe,1309,41328,0.031673442
1370,Tennessee,2016,UNK,113,41328,0.002734224
1371,Tennessee,2017,Heavy,415,41328,0.010041618
1372,Tennessee,2017,Light,4958,41328,0.119967093
1373,Tennessee,2017,Moderate,2435,41328,0.058918893
1374,Tennessee,2017,Other,10,41328,0.000241967
1375,Tennessee,2017,Severe,1913,41328,0.046288231
1376,Tennessee,2017,UNK,292,41328,0.007065428
1377,Tennessee,2018,Heavy,405,41328,0.009799652
1378,Tennessee,2018,Light,6109,41328,0.14781746
1379,Tennessee,2018,Moderate,2677,41328,0.064774487
1380,Tennessee,2018,Other,15,41328,0.00036295
1381,Tennessee,2018,Severe,1873,41328,0.045320364
1382,Tennessee,2018,UNK,520,41328,0.012582269
1383,Tennessee,2019,Heavy,476,41328,0.011517615
1384,Tennessee,2019,Light,6225,41328,0.150624274
1385,Tennessee,2019,Moderate,2571,41328,0.06220964
1386,Tennessee,2019,Other,5,41328,0.000120983
1387,Tennessee,2019,Severe,2812,41328,0.068041038
1388,Tennessee,2019,UNK,661,41328,0.015993999
1389,Tennessee,2020,Heavy,413,41328,0.009993225
1390,Tennessee,2020,Light,7090,41328,0.171554394
1391,Tennessee,2020,Moderate,2659,41328,0.064338947
1392,Tennessee,2020,Severe,3766,41328,0.091124661
1393,Tennessee,2020,UNK,585,41328,0.014155052
1394,Tennessee,2021,Heavy,408,41328,0.009872242
1395,Tennessee,2021,Light,5703,41328,0.137993612
1396,Tennessee,2021,Moderate,2598,41328,0.06286295
1397,Tennessee,2021,Other,2,41328,4.84E-05
1398,Tennessee,2021,Severe,4351,41328,0.105279714
1399,Tennessee,2021,UNK,553,41328,0.013380759
1400,Texas,2016,Heavy,3731,262134,0.014233178
1401,Texas,2016,Light,53560,262134,0.20432298
1402,Texas,2016,Moderate,19528,262134,0.07449625
1403,Texas,2016,Other,25,262134,9.54E-05
1404,Texas,2016,Severe,13747,262134,0.052442644
1405,Texas,2016,UNK,962,262134,0.003669879
1406,Texas,2017,Heavy,3451,262134,0.013165022
1407,Texas,2017,Light,48382,262134,0.184569724
1408,Texas,2017,Moderate,18245,262134,0.069601807
1409,Texas,2017,Other,21,262134,8.01E-05
1410,Texas,2017,Severe,12996,262134,0.049577697
1411,Texas,2017,UNK,969,262134,0.003696583
1412,Texas,2018,Heavy,3924,262134,0.014969443
1413,Texas,2018,Light,59557,262134,0.227200592
1414,Texas,2018,Moderate,18970,262134,0.072367568
1415,Texas,2018,Other,39,262134,0.000148779
1416,Texas,2018,Severe,12860,262134,0.049058878
1417,Texas,2018,UNK,1367,262134,0.00521489
1418,Texas,2019,Heavy,1889,262134,0.007206238
1419,Texas,2019,Light,42397,262134,0.16173789
1420,Texas,2019,Moderate,13144,262134,0.050142294
1421,Texas,2019,Other,41,262134,0.000156409
1422,Texas,2019,Severe,19570,262134,0.074656473
1423,Texas,2019,UNK,3943,262134,0.015041925
1424,Texas,2020,Heavy,2066,262134,0.007881465
1425,Texas,2020,Light,42454,262134,0.161955336
1426,Texas,2020,Moderate,12906,262134,0.049234361
1427,Texas,2020,Other,19,262134,7.25E-05
1428,Texas,2020,Severe,19738,262134,0.075297367
1429,Texas,2020,UNK,3325,262134,0.012684352
1430,Texas,2021,Heavy,2139,262134,0.008159949
1431,Texas,2021,Light,41168,262134,0.157049448
1432,Texas,2021,Moderate,12833,262134,0.048955878
1433,Texas,2021,Other,13,262134,4.96E-05
1434,Texas,2021,Severe,22036,262134,0.084063876
1435,Texas,2021,UNK,4184,262134,0.015961302
1436,Utah,2016,Heavy,105,82096,0.00127899
1437,Utah,2016,Light,4468,82096,0.054424089
1438,Utah,2016,Moderate,1112,82096,0.013545118
1439,Utah,2016,Other,21,82096,0.000255798
1440,Utah,2016,Severe,1303,82096,0.015871662
1441,Utah,2016,UNK,12,82096,0.00014617
1442,Utah,2017,Heavy,102,82096,0.001242448
1443,Utah,2017,Light,4497,82096,0.054777334
1444,Utah,2017,Moderate,1264,82096,0.015396609
1445,Utah,2017,Other,20,82096,0.000243617
1446,Utah,2017,Severe,1289,82096,0.01570113
1447,Utah,2017,UNK,14,82096,0.000170532
1448,Utah,2018,Heavy,71,82096,0.000864841
1449,Utah,2018,Light,3645,82096,0.04439924
1450,Utah,2018,Moderate,1051,82096,0.012802085
1451,Utah,2018,Other,7,82096,8.53E-05
1452,Utah,2018,Severe,954,82096,0.011620542
1453,Utah,2018,UNK,13,82096,0.000158351
1454,Utah,2019,Heavy,190,82096,0.002314364
1455,Utah,2019,Light,5471,82096,0.066641493
1456,Utah,2019,Moderate,1291,82096,0.015725492
1457,Utah,2019,Other,13,82096,0.000158351
1458,Utah,2019,Severe,1264,82096,0.015396609
1459,Utah,2019,UNK,27,82096,0.000328883
1460,Utah,2020,Heavy,86,82096,0.001047554
1461,Utah,2020,Light,3160,82096,0.038491522
1462,Utah,2020,Moderate,1036,82096,0.012619372
1463,Utah,2020,Other,4,82096,4.87E-05
1464,Utah,2020,Severe,1055,82096,0.012850809
1465,Utah,2020,UNK,15,82096,0.000182713
1466,Utah,2021,Heavy,169,82096,0.002058566
1467,Utah,2021,Light,4046,82096,0.049283765
1468,Utah,2021,Moderate,1226,82096,0.014933736
1469,Utah,2021,Other,3,82096,3.65E-05
1470,Utah,2021,Severe,891,82096,0.010853148
1471,Utah,2021,UNK,57,82096,0.000694309
1472,Vermont,2016,Heavy,108,9267,0.011654257
1473,Vermont,2016,Light,5350,9267,0.577317363
1474,Vermont,2016,Moderate,923,9267,0.099600734
1475,Vermont,2016,Severe,1454,9267,0.156900831
1476,Vermont,2016,UNK,45,9267,0.00485594
1477,Vermont,2017,Heavy,136,9267,0.014675731
1478,Vermont,2017,Light,6598,9267,0.711988777
1479,Vermont,2017,Moderate,1241,9267,0.133916046
1480,Vermont,2017,Other,4,9267,0.000431639
1481,Vermont,2017,Severe,1572,9267,0.169634186
1482,Vermont,2017,UNK,48,9267,0.00517967
1483,Vermont,2018,Heavy,152,9267,0.016402288
1484,Vermont,2018,Light,6748,9267,0.728175245
1485,Vermont,2018,Moderate,1181,9267,0.127441459
1486,Vermont,2018,Other,7,9267,0.000755369
1487,Vermont,2018,Severe,1323,9267,0.142764649
1488,Vermont,2018,UNK,58,9267,0.006258768
1489,Vermont,2019,Heavy,155,9267,0.016726017
1490,Vermont,2019,Light,5605,9267,0.604834358
1491,Vermont,2019,Moderate,1114,9267,0.120211503
1492,Vermont,2019,Other,1,9267,0.00010791
1493,Vermont,2019,Severe,1460,9267,0.15754829
1494,Vermont,2019,UNK,129,9267,0.013920363
1495,Vermont,2020,Heavy,157,9267,0.016941837
1496,Vermont,2020,Light,4738,9267,0.511276573
1497,Vermont,2020,Moderate,744,9267,0.080284882
1498,Vermont,2020,Severe,1302,9267,0.140498543
1499,Vermont,2020,UNK,106,9267,0.011438437
1500,Vermont,2021,Heavy,122,9267,0.013164994
1501,Vermont,2021,Light,5094,9267,0.549692457
1502,Vermont,2021,Moderate,866,9267,0.093449876
1503,Vermont,2021,Other,1,9267,0.00010791
1504,Vermont,2021,Severe,1509,9267,0.162835869
1505,Vermont,2021,UNK,90,9267,0.009711881
1506,Virginia,2016,Heavy,1340,39780,0.033685269
1507,Virginia,2016,Light,23236,39780,0.584112619
1508,Virginia,2016,Moderate,5642,39780,0.141830065
1509,Virginia,2016,Other,11,39780,0.000276521
1510,Virginia,2016,Severe,6346,39780,0.159527401
1511,Virginia,2016,UNK,426,39780,0.010708899
1512,Virginia,2017,Heavy,992,39780,0.024937154
1513,Virginia,2017,Light,23761,39780,0.597310206
1514,Virginia,2017,Moderate,5396,39780,0.135646053
1515,Virginia,2017,Other,23,39780,0.00057818
1516,Virginia,2017,Severe,5214,39780,0.13107089
1517,Virginia,2017,UNK,413,39780,0.010382102
1518,Virginia,2018,Heavy,1696,39780,0.04263449
1519,Virginia,2018,Light,29848,39780,0.750326797
1520,Virginia,2018,Moderate,6902,39780,0.173504274
1521,Virginia,2018,Other,22,39780,0.000553042
1522,Virginia,2018,Severe,6463,39780,0.162468577
1523,Virginia,2018,UNK,493,39780,0.012393162
1524,Virginia,2019,Heavy,940,39780,0.023629965
1525,Virginia,2019,Light,21729,39780,0.546229261
1526,Virginia,2019,Moderate,5028,39780,0.126395173
1527,Virginia,2019,Other,20,39780,0.000502765
1528,Virginia,2019,Severe,7190,39780,0.180744093
1529,Virginia,2019,UNK,997,39780,0.025062846
1530,Virginia,2020,Heavy,1296,39780,0.032579186
1531,Virginia,2020,Light,25095,39780,0.630844646
1532,Virginia,2020,Moderate,6122,39780,0.15389643
1533,Virginia,2020,Severe,9001,39780,0.226269482
1534,Virginia,2020,UNK,988,39780,0.024836601
1535,Virginia,2021,Heavy,949,39780,0.023856209
1536,Virginia,2021,Light,20061,39780,0.504298643
1537,Virginia,2021,Moderate,4419,39780,0.111085973
1538,Virginia,2021,Other,5,39780,0.000125691
1539,Virginia,2021,Severe,8931,39780,0.224509804
1540,Virginia,2021,UNK,930,39780,0.023378582
1541,Washington,2016,Heavy,214,66570,0.003214661
1542,Washington,2016,Light,22055,66570,0.331305393
1543,Washington,2016,Moderate,4519,66570,0.067883431
1544,Washington,2016,Other,7,66570,0.000105152
1545,Washington,2016,Severe,5141,66570,0.077226979
1546,Washington,2016,UNK,106,66570,0.001592309
1547,Washington,2017,Heavy,295,66570,0.004431426
1548,Washington,2017,Light,22338,66570,0.335556557
1549,Washington,2017,Moderate,5335,66570,0.080141205
1550,Washington,2017,Other,39,66570,0.000585849
1551,Washington,2017,Severe,5539,66570,0.083205648
1552,Washington,2017,UNK,56,66570,0.00084122
1553,Washington,2018,Heavy,281,66570,0.004221121
1554,Washington,2018,Light,20017,66570,0.300691002
1555,Washington,2018,Moderate,4613,66570,0.069295478
1556,Washington,2018,Other,11,66570,0.00016524
1557,Washington,2018,Severe,5629,66570,0.084557609
1558,Washington,2018,UNK,91,66570,0.001366982
1559,Washington,2019,Heavy,262,66570,0.003935707
1560,Washington,2019,Light,17472,66570,0.262460568
1561,Washington,2019,Moderate,4295,66570,0.064518552
1562,Washington,2019,Other,8,66570,0.000120174
1563,Washington,2019,Severe,8166,66570,0.122667868
1564,Washington,2019,UNK,70,66570,0.001051525
1565,Washington,2020,Heavy,213,66570,0.003199639
1566,Washington,2020,Light,20346,66570,0.305633168
1567,Washington,2020,Moderate,4447,66570,0.066801863
1568,Washington,2020,Other,9,66570,0.000135196
1569,Washington,2020,Severe,7909,66570,0.118807271
1570,Washington,2020,UNK,63,66570,0.000946372
1571,Washington,2021,Heavy,190,66570,0.002854139
1572,Washington,2021,Light,20169,66570,0.302974313
1573,Washington,2021,Moderate,5055,66570,0.075935106
1574,Washington,2021,Other,9,66570,0.000135196
1575,Washington,2021,Severe,6262,66570,0.094066396
1576,Washington,2021,UNK,41,66570,0.000615893
1577,West Virginia,2016,Heavy,302,24070,0.012546739
1578,West Virginia,2016,Light,8203,24070,0.340797673
1579,West Virginia,2016,Moderate,2269,24070,0.094266722
1580,West Virginia,2016,Other,7,24070,0.000290818
1581,West Virginia,2016,Severe,2543,24070,0.105650187
1582,West Virginia,2016,UNK,76,24070,0.003157457
1583,West Virginia,2017,Heavy,286,24070,0.011882011
1584,West Virginia,2017,Light,8824,24070,0.366597424
1585,West Virginia,2017,Moderate,2092,24070,0.08691317
1586,West Virginia,2017,Other,2,24070,8.31E-05
1587,West Virginia,2017,Severe,2778,24070,0.115413378
1588,West Virginia,2017,UNK,84,24070,0.003489821
1589,West Virginia,2018,Heavy,403,24070,0.016742833
1590,West Virginia,2018,Light,10645,24070,0.442251766
1591,West Virginia,2018,Moderate,2572,24070,0.106855006
1592,West Virginia,2018,Other,9,24070,0.000373909
1593,West Virginia,2018,Severe,2955,24070,0.12276693
1594,West Virginia,2018,UNK,112,24070,0.004653095
1595,West Virginia,2019,Heavy,232,24070,0.009638554
1596,West Virginia,2019,Light,8580,24070,0.356460324
1597,West Virginia,2019,Moderate,1772,24070,0.073618612
1598,West Virginia,2019,Other,6,24070,0.000249273
1599,West Virginia,2019,Severe,3377,24070,0.140299128
1600,West Virginia,2019,UNK,229,24070,0.009513918
1601,West Virginia,2020,Heavy,241,24070,0.010012464
1602,West Virginia,2020,Light,9205,24070,0.382426257
1603,West Virginia,2020,Moderate,1959,24070,0.081387619
1604,West Virginia,2020,Other,1,24070,4.15E-05
1605,West Virginia,2020,Severe,4156,24070,0.172663066
1606,West Virginia,2020,UNK,171,24070,0.007104279
1607,West Virginia,2021,Heavy,278,24070,0.011549647
1608,West Virginia,2021,Light,8209,24070,0.341046946
1609,West Virginia,2021,Moderate,1769,24070,0.073493976
1610,West Virginia,2021,Severe,3970,24070,0.164935604
1611,West Virginia,2021,UNK,205,24070,0.008516826
1612,Wisconsin,2016,Heavy,1091,54464,0.02003158
1613,Wisconsin,2016,Light,31826,54464,0.584349295
1614,Wisconsin,2016,Moderate,6011,54464,0.110366481
1615,Wisconsin,2016,Other,15,54464,0.000275411
1616,Wisconsin,2016,Severe,8969,54464,0.164677585
1617,Wisconsin,2016,UNK,307,54464,0.005636751
1618,Wisconsin,2017,Heavy,966,54464,0.017736486
1619,Wisconsin,2017,Light,32766,54464,0.601608402
1620,Wisconsin,2017,Moderate,6185,54464,0.113561251
1621,Wisconsin,2017,Other,17,54464,0.000312133
1622,Wisconsin,2017,Severe,7155,54464,0.131371181
1623,Wisconsin,2017,UNK,352,54464,0.006462985
1624,Wisconsin,2018,Heavy,1181,54464,0.021684048
1625,Wisconsin,2018,Light,30608,54464,0.561985899
1626,Wisconsin,2018,Moderate,6837,54464,0.125532462
1627,Wisconsin,2018,Other,26,54464,0.00047738
1628,Wisconsin,2018,Severe,7087,54464,0.13012265
1629,Wisconsin,2018,UNK,430,54464,0.007895123
1630,Wisconsin,2019,Heavy,1060,54464,0.019462397
1631,Wisconsin,2019,Light,31276,54464,0.574250881
1632,Wisconsin,2019,Moderate,7634,54464,0.140165981
1633,Wisconsin,2019,Other,18,54464,0.000330494
1634,Wisconsin,2019,Severe,11353,54464,0.208449618
1635,Wisconsin,2019,UNK,1046,54464,0.019205347
1636,Wisconsin,2020,Heavy,805,54464,0.014780405
1637,Wisconsin,2020,Light,24909,54464,0.457347973
1638,Wisconsin,2020,Moderate,4650,54464,0.085377497
1639,Wisconsin,2020,Other,1,54464,1.84E-05
1640,Wisconsin,2020,Severe,7927,54464,0.145545682
1641,Wisconsin,2020,UNK,878,54464,0.01612074
1642,Wisconsin,2021,Heavy,592,54464,0.010869565
1643,Wisconsin,2021,Light,22391,54464,0.411115599
1644,Wisconsin,2021,Moderate,4551,54464,0.083559783
1645,Wisconsin,2021,Severe,10814,54464,0.198553173
1646,Wisconsin,2021,UNK,803,54464,0.014743684
1647,Wyoming,2016,Heavy,340,97203,0.003497834
1648,Wyoming,2016,Light,19759,97203,0.203275619
1649,Wyoming,2016,Moderate,2917,97203,0.030009362
1650,Wyoming,2016,Other,10,97203,0.000102877
1651,Wyoming,2016,Severe,4498,97203,0.046274292
1652,Wyoming,2016,UNK,193,97203,0.001985535
1653,Wyoming,2017,Heavy,355,97203,0.003652151
1654,Wyoming,2017,Light,20828,97203,0.214273222
1655,Wyoming,2017,Moderate,3413,97203,0.035112085
1656,Wyoming,2017,Other,4,97203,4.12E-05
1657,Wyoming,2017,Severe,5539,97203,0.056983838
1658,Wyoming,2017,UNK,72,97203,0.000740718
1659,Wyoming,2018,Heavy,277,97203,0.002849706
1660,Wyoming,2018,Light,19215,97203,0.197679084
1661,Wyoming,2018,Moderate,2858,97203,0.029402385
1662,Wyoming,2018,Other,13,97203,0.000133741
1663,Wyoming,2018,Severe,4347,97203,0.044720842
1664,Wyoming,2018,UNK,121,97203,0.001244818
1665,Wyoming,2019,Heavy,362,97203,0.003724165
1666,Wyoming,2019,Light,20037,97203,0.206135613
1667,Wyoming,2019,Moderate,3360,97203,0.034566834
1668,Wyoming,2019,Severe,5315,97203,0.054679382
1669,Wyoming,2019,UNK,176,97203,0.001810644
1670,Wyoming,2020,Heavy,205,97203,0.002108988
1671,Wyoming,2020,Light,14651,97203,0.150725801
1672,Wyoming,2020,Moderate,2827,97203,0.029083465
1673,Wyoming,2020,Other,3,97203,3.09E-05
1674,Wyoming,2020,Severe,3986,97203,0.041006965
1675,Wyoming,2020,UNK,92,97203,0.000946473
1676,Wyoming,2021,Heavy,341,97203,0.003508122
1677,Wyoming,2021,Light,17421,97203,0.179222863
1678,Wyoming,2021,Moderate,3665,97203,0.037704598
1679,Wyoming,2021,Severe,4397,97203,0.045235229
1680,Wyoming,2021,UNK,90,97203,0.000925897